# JMH version: 1.37
# VM version: JDK 21.0.12.1, OpenJDK 64-Bit Server VM, 21.0.12.1+1-LTS
# VM invoker: /opt/java/openjdk/bin/java
# VM options: -XX:+UnlockDiagnosticVMOptions -XX:+PrintCompilation -XX:+PrintInlining
# Blackhole mode: compiler (auto-detected, use -Djmh.blackhole.autoDetect=false to disable)
# Warmup: 4 iterations, 1 s each
# Measurement: 1 iterations, 1 s each
# Timeout: 10 min per iteration
# Threads: 1 thread, will synchronize iterations
# Benchmark mode: Average time, time/op
# Benchmark: harness.JavaBench.dishonestNoTimestamp

# Run progress: 0.00% complete, ETA 00:00:05
# Fork: 1 of 1
42    1       3       java.lang.Object::<init> (1 bytes)
44    2       3       java.lang.String::coder (15 bytes)
44    3     n 0       jdk.internal.misc.Unsafe::getReferenceVolatile (native)   
45    4       3       java.lang.String::hashCode (60 bytes)
                              @ 17   java.lang.String::isLatin1 (19 bytes)   inline
                              @ 27   java.lang.StringLatin1::hashCode (52 bytes)   callee is too large
                              @ 37  java/lang/StringUTF16::hashCode (not loaded)   not inlineable
46    5       3       java.lang.String::length (11 bytes)
                              @ 6   java.lang.String::coder (15 bytes)   inline
47    6       3       java.lang.String::isLatin1 (19 bytes)
49    7       3       jdk.internal.util.Preconditions::checkIndex (18 bytes)
                              @ 12   jdk.internal.util.Preconditions::outOfBoundsCheckIndex (25 bytes)   callee uses too much stack
49    8       3       java.lang.String::charAt (25 bytes)
                              @ 1   java.lang.String::isLatin1 (19 bytes)   inline
                              @ 12   java.lang.StringLatin1::charAt (15 bytes)   inline
                                @ 3   java.lang.String::checkIndex (10 bytes)   inline
                                  @ 5   jdk.internal.util.Preconditions::checkIndex (18 bytes)   intrinsic
                              @ 21  java/lang/StringUTF16::charAt (not loaded)   not inlineable
50    9       3       java.util.zip.ZipUtils::SH (21 bytes)
52   10       3       jdk.internal.util.ArraysSupport::signedHashCode (37 bytes)
53   13       4       java.util.zip.ZipUtils::SH (21 bytes)
53   11       3       java.lang.StringCoding::countPositives (33 bytes)
53   14       3       java.util.zip.ZipUtils::CENEXT (9 bytes)
                              @ 5   java.util.zip.ZipUtils::SH (21 bytes)   inline
53   15       3       java.util.zip.ZipUtils::CENCOM (9 bytes)
                              @ 5   java.util.zip.ZipUtils::SH (21 bytes)   inline
53    9       3       java.util.zip.ZipUtils::SH (21 bytes)   made not entrant
54   12       1       java.util.zip.ZipCoder$UTF8ZipCoder::isUTF8 (2 bytes)
54   16       3       jdk.internal.util.ArraysSupport::vectorizedHashCode (158 bytes)
54   28 %     4       jdk.internal.util.ArraysSupport::signedHashCode @ 8 (37 bytes)
                              @ 51   jdk.internal.util.ArraysSupport::signedHashCode (37 bytes)   callee is too large
                              @ 71   jdk.internal.util.ArraysSupport::utf16hashCode (40 bytes)   callee is too large
                              @ 84   jdk.internal.util.ArraysSupport::hashCode (33 bytes)   callee uses too much stack
                              @ 97   jdk.internal.util.ArraysSupport::hashCode (33 bytes)   callee uses too much stack
                              @ 110   jdk.internal.util.ArraysSupport::hashCode (33 bytes)   callee uses too much stack
                              @ 123   jdk.internal.util.ArraysSupport::hashCode (33 bytes)   callee uses too much stack
                              @ 137   java.lang.StringBuilder::<init> (7 bytes)   inline
                                @ 3   java.lang.AbstractStringBuilder::<init> (39 bytes)   callee is too large
                              @ 142   java.lang.StringBuilder::append (8 bytes)   inline
                                @ 2   java.lang.AbstractStringBuilder::append (45 bytes)   callee is too large
                              @ 147   java.lang.StringBuilder::append (8 bytes)   inline
                                @ 2   java.lang.AbstractStringBuilder::append (55 bytes)   callee is too large
                              @ 150   java.lang.StringBuilder::toString (9 bytes)   inline
                                @ 5   java.lang.String::<init> (7 bytes)   inline
                                  @ 3   java.lang.String::<init> (98 bytes)   callee is too large
                              @ 153   java.lang.IllegalArgumentException::<init> (6 bytes)   don't inline Throwable constructors
55   17       3       java.util.zip.ZipUtils::LG (22 bytes)
                              @ 2   java.util.zip.ZipUtils::SH (21 bytes)   inline
                              @ 9   java.util.zip.ZipUtils::SH (21 bytes)   inline
55   18       3       java.util.zip.ZipUtils::CENNAM (9 bytes)
                              @ 5   java.util.zip.ZipUtils::SH (21 bytes)   inline
56   19       3       java.util.zip.ZipFile$Source::zipCoderForPos (39 bytes)
                              @ 4   java.util.zip.ZipCoder::isUTF8 (2 bytes)   no static binding
                              @ 20   java.util.zip.ZipUtils::CENFLG (9 bytes)   inline
                                @ 5   java.util.zip.ZipUtils::SH (21 bytes)   inline
56   31     n 0       java.lang.System::arraycopy (native)   (static)
56   22   !   3       java.util.zip.ZipFile$Source::checkAndAddEntry (295 bytes)
                              @ 7   java.util.zip.ZipUtils::CENSIG (8 bytes)   inline
                                @ 4   java.util.zip.ZipUtils::LG (22 bytes)   inline
                                  @ 2   java.util.zip.ZipUtils::SH (21 bytes)   inline
                                  @ 9   java.util.zip.ZipUtils::SH (21 bytes)   inline
                              @ 19   java.util.zip.ZipFile$Source::zerror (9 bytes)   inline
                                @ 5  java/util/zip/ZipException::<init> (not loaded)   not inlineable
                              @ 24   java.util.zip.ZipUtils::CENHOW (9 bytes)   inline
                                @ 5   java.util.zip.ZipUtils::SH (21 bytes)   inline
                              @ 31   java.util.zip.ZipUtils::CENFLG (9 bytes)   inline
                                @ 5   java.util.zip.ZipUtils::SH (21 bytes)   inline
                              @ 45   java.util.zip.ZipFile$Source::zerror (9 bytes)   inline
                                @ 5  java/util/zip/ZipException::<init> (not loaded)   not inlineable
                              @ 64   java.lang.StringBuilder::<init> (7 bytes)   inline
                                @ 3   java.lang.AbstractStringBuilder::<init> (39 bytes)   callee is too large
                              @ 69   java.lang.StringBuilder::append (8 bytes)   inline
                                @ 2   java.lang.AbstractStringBuilder::append (45 bytes)   callee is too large
                              @ 74   java.lang.StringBuilder::append (8 bytes)   inline
                                @ 2   java.lang.AbstractStringBuilder::append (55 bytes)   callee is too large
                              @ 79   java.lang.StringBuilder::append (8 bytes)   inline
                                @ 2   java.lang.AbstractStringBuilder::append (45 bytes)   callee is too large
                              @ 82   java.lang.StringBuilder::toString (9 bytes)   inline
                                @ 5   java.lang.String::<init> (7 bytes)   inline
                                  @ 3   java.lang.String::<init> (98 bytes)   callee is too large
                              @ 85   java.util.zip.ZipFile$Source::zerror (9 bytes)   inline
                                @ 5  java/util/zip/ZipException::<init> (not loaded)   not inlineable
59   29 %     4       java.lang.StringCoding::countPositives @ 7 (33 bytes)
                              @ 96   java.util.zip.ZipUtils::CENNAM (9 bytes)   inline
                                @ 5   java.util.zip.ZipUtils::SH (21 bytes)   inline
                              @ 116   java.util.zip.ZipFile$Source::zerror (9 bytes)   inline
                                @ 5  java/util/zip/ZipException::<init> (not loaded)   not inlineable
                              @ 121   java.util.zip.ZipUtils::CENEXT (9 bytes)   inline
                                @ 5   java.util.zip.ZipUtils::SH (21 bytes)   inline
                              @ 159   java.util.zip.ZipFile$Source::zerror (9 bytes)   inline
                                @ 5  java/util/zip/ZipException::<init> (not loaded)   not inlineable
                              @ 169   java.util.zip.ZipFile$Source::checkExtraFields (161 bytes)   callee is too large
                              @ 174   java.util.zip.ZipFile$Source::zipCoderForPos (39 bytes)   callee is too large
                              @ 186   java.util.zip.ZipCoder::checkedHash (97 bytes)   no static binding
                              @ 251   java.util.zip.ZipUtils::CENCOM (9 bytes)   inline
                                @ 5   java.util.zip.ZipUtils::SH (21 bytes)   inline
               !              @ 278   java.util.zip.ZipCoder::toString (29 bytes)   no static binding
                              @ 289   java.util.zip.ZipFile$Source::zerror (9 bytes)   inline
                                @ 5  java/util/zip/ZipException::<init> (not loaded)   not inlineable
61   32     n 0       java.lang.Object::hashCode (native)   
62   20       3       java.util.zip.ZipUtils::CENHOW (9 bytes)
                              @ 5   java.util.zip.ZipUtils::SH (21 bytes)   inline
63   21       3       java.util.zip.ZipUtils::CENFLG (9 bytes)
                              @ 5   java.util.zip.ZipUtils::SH (21 bytes)   inline
63   23       3       java.util.zip.ZipUtils::CENSIG (8 bytes)
                              @ 4   java.util.zip.ZipUtils::LG (22 bytes)   inline
                                @ 2   java.util.zip.ZipUtils::SH (21 bytes)   inline
                                @ 9   java.util.zip.ZipUtils::SH (21 bytes)   inline
63   24       3       java.util.zip.ZipCoder$UTF8ZipCoder::checkedHash (79 bytes)
                              @ 17   java.lang.System$2::countPositives (7 bytes)   inline
63   33     n 0       jdk.internal.misc.Unsafe::getByte (native)   
                                @ 3   java.lang.StringCoding::countPositives (33 bytes)   inlining prohibited by policy
                              @ 36   java.lang.System$2::newStringUTF8NoRepl (8 bytes)   inline
                                @ 4   java.lang.String::newStringUTF8NoRepl (322 bytes)   callee is too large
                              @ 41   java.util.zip.ZipCoder::hash (36 bytes)   callee is too large
64   35     n 0       jdk.internal.misc.Unsafe::compareAndSetLong (native)   
                              @ 50   jdk.internal.util.ArraysSupport::vectorizedHashCode (158 bytes)   callee is too large
64   36     n 0       jdk.internal.misc.Unsafe::getLong (native)   
64   25       3       java.lang.System$2::countPositives (7 bytes)
                              @ 3   java.lang.StringCoding::countPositives (33 bytes)   inlining prohibited by policy
65   26       3       java.util.zip.ZipFile$Source::isMetaName (141 bytes)
65   37       4       jdk.internal.util.ArraysSupport::signedHashCode (37 bytes)
65   27       3       java.util.zip.ZipFile$Source::nextEntryPos (22 bytes)
                              @ 8   java.util.zip.ZipUtils::CENCOM (9 bytes)   inline
                                @ 5   java.util.zip.ZipUtils::SH (21 bytes)   inline
                              @ 17   java.util.zip.ZipUtils::CENEXT (9 bytes)   inline
                                @ 5   java.util.zip.ZipUtils::SH (21 bytes)   inline
65   30       3       java.lang.Math::max (11 bytes)
65   34       3       java.lang.Math::min (11 bytes)
67   10       3       jdk.internal.util.ArraysSupport::signedHashCode (37 bytes)   made not entrant
68   38       4       java.lang.Object::<init> (1 bytes)
68    1       3       java.lang.Object::<init> (1 bytes)   made not entrant
68   40       3       java.util.concurrent.ConcurrentHashMap::tabAt (22 bytes)
                              @ 15   jdk.internal.misc.Unsafe::getReferenceAcquire (7 bytes)   inline
                                @ 3   jdk.internal.misc.Unsafe::getReferenceVolatile (0 bytes)   intrinsic
69   41       3       jdk.internal.misc.Unsafe::getReferenceAcquire (7 bytes)
                              @ 3   jdk.internal.misc.Unsafe::getReferenceVolatile (0 bytes)   intrinsic
69   39       3       java.lang.String::isEmpty (14 bytes)
70   42       3       java.util.Objects::requireNonNull (14 bytes)
                              @ 8   java.lang.NullPointerException::<init> (5 bytes)   don't inline Throwable constructors
71   43     n 0       jdk.internal.misc.Unsafe::compareAndSetReference (native)   
71   44     n 0       java.lang.invoke.MethodHandle::linkToStatic(L)L (native)   (static)
72   45     n 0       java.lang.Class::isPrimitive (native)   
72   46       3       java.util.concurrent.ConcurrentHashMap::spread (10 bytes)
73   47     n 0       java.lang.invoke.MethodHandle::linkToStatic(LLL)L (native)   (static)
73   48       1       jdk.internal.util.StrongReferenceKey::get (5 bytes)
73   49     n 0       java.lang.invoke.MethodHandle::linkToStatic(LLLL)L (native)   (static)
73   50       1       java.lang.Enum::ordinal (5 bytes)
73   51       3       java.util.concurrent.ConcurrentHashMap::get (162 bytes)
                              @ 1   java.lang.Object::hashCode (0 bytes)   no static binding
                              @ 4   java.util.concurrent.ConcurrentHashMap::spread (10 bytes)   inline
                              @ 34   java.util.concurrent.ConcurrentHashMap::tabAt (22 bytes)   callee uses too much stack
                              @ 73   java.lang.Object::equals (11 bytes)   no static binding
                              @ 93   java.util.concurrent.ConcurrentHashMap$Node::find (52 bytes)   no static binding
                              @ 149   java.lang.Object::equals (11 bytes)   no static binding
74   52     n 0       java.lang.Class::isArray (native)   
74   53     n 0       java.lang.invoke.MethodHandle::invokeBasic()L (native)   
74   54     n 0       java.lang.invoke.MethodHandle::linkToSpecial(LL)L (native)   (static)
76   55     n 0       java.lang.invoke.MethodHandle::invokeBasic(L)L (native)   
76   56     n 0       java.lang.invoke.MethodHandle::linkToSpecial(LLL)L (native)   (static)
76   57     n 0       java.lang.Object::clone (native)   
77   58       3       java.lang.ref.ReferenceQueue::headIsNull (13 bytes)
77   60     n 0       java.lang.invoke.MethodHandle::linkToSpecial(LL)V (native)   (static)
77   59       1       java.lang.invoke.MethodType::returnType (5 bytes)
78   61       3       java.lang.String::equals (56 bytes)
                              @ 44   java.lang.StringLatin1::equals (36 bytes)   callee is too large
79   62       3       java.util.Objects::requireNonNull (15 bytes)
79   63     n 0       java.lang.invoke.MethodHandle::linkToStatic(LLLLLLL)L (native)   (static)
                              @ 9   java.lang.NullPointerException::<init> (6 bytes)   don't inline Throwable constructors
79   64       3       jdk.internal.util.ReferencedKeyMap::removeStaleReferences (30 bytes)
               !              @ 4   java.lang.ref.ReferenceQueue::poll (40 bytes)   no static binding
                              @ 20   java.util.Map::remove (0 bytes)   no static binding
79   66     n 0       java.lang.invoke.MethodHandle::linkToStatic(LL)V (native)   (static)
79   65   !   3       java.lang.ref.NativeReferenceQueue::poll (28 bytes)
                              @ 1   java.lang.ref.ReferenceQueue::headIsNull (13 bytes)   inline
                              @ 17   java.lang.ref.ReferenceQueue::poll0 (65 bytes)   callee is too large
80   67       1       java.lang.invoke.MemberName::getDeclaringClass (5 bytes)
80   68     n 0       java.lang.invoke.MethodHandle::invokeBasic(LLLLLL)L (native)   
80   69     n 0       java.lang.invoke.MethodHandle::linkToSpecial(LLLLLLLL)L (native)   (static)
80   70       3       java.lang.invoke.MethodTypeForm::canonicalize (74 bytes)
                              @ 10   java.lang.Class::isPrimitive (0 bytes)   intrinsic
                              @ 45   sun.invoke.util.Wrapper::asPrimitiveType (20 bytes)   inline
                                @ 1   sun.invoke.util.Wrapper::findWrapperType (102 bytes)   callee is too large
                                @ 10   sun.invoke.util.Wrapper::primitiveType (5 bytes)   inline
                                @ 14   sun.invoke.util.Wrapper::forceType (72 bytes)   callee is too large
                              @ 68   sun.invoke.util.Wrapper::asWrapperType (18 bytes)   inline
                                @ 1   java.lang.Class::isPrimitive (0 bytes)   intrinsic
                                @ 8   sun.invoke.util.Wrapper::forPrimitiveType (122 bytes)   callee is too large
                                @ 12   sun.invoke.util.Wrapper::wrapperType (52 bytes)   callee is too large
81   71       3       java.lang.invoke.MethodType::hashCode (53 bytes)
81   73     n 0       java.lang.invoke.MethodHandle::linkToSpecial(LLL)V (native)   (static)
                              @ 6   java.lang.Object::hashCode (0 bytes)   native method
                              @ 40   java.lang.Object::hashCode (0 bytes)   native method
82   72       3       jdk.internal.util.ReferencedKeyMap::lookupKey (9 bytes)
                              @ 5   jdk.internal.util.StrongReferenceKey::<init> (10 bytes)   inline
                                @ 1   java.lang.Object::<init> (1 bytes)   inline
83   74     n 0       java.lang.Thread::currentCarrierThread (native)   (static)
84   77       3       java.lang.StringLatin1::indexOfChar (33 bytes)
84   75       3       java.lang.StringLatin1::canEncode (17 bytes)
84   76       3       java.lang.String::indexOf (37 bytes)
                              @ 1   java.lang.String::isLatin1 (19 bytes)   inline
                              @ 14   java.lang.String::length (11 bytes)   inline
                                @ 6   java.lang.String::coder (15 bytes)   inline
                              @ 17   java.lang.StringLatin1::indexOf (37 bytes)   callee is too large
                              @ 30   java.lang.String::length (11 bytes)   inline
                                @ 6   java.lang.String::coder (15 bytes)   inline
                              @ 33   java.lang.StringUTF16::indexOf (44 bytes)   callee is too large
85   80     n 0       java.lang.invoke.MethodHandle::linkToStatic(LLIL)I (native)   (static)
86   81     n 0       java.lang.invoke.MethodHandle::linkToStatic(LLLLL)I (native)   (static)
87   84     n 0       java.lang.invoke.MethodHandle::linkToStatic(LLIIL)V (native)   (static)
88   83       3       jdk.internal.util.StrongReferenceKey::hashCode (8 bytes)
                              @ 1   jdk.internal.util.StrongReferenceKey::get (5 bytes)   inline
                              @ 4   java.lang.Object::hashCode (0 bytes)   no static binding
88   79       3       java.lang.invoke.MethodType::checkSlotCount (33 bytes)
                              @ 13   java.lang.StringBuilder::<init> (7 bytes)   inline
                                @ 3   java.lang.AbstractStringBuilder::<init> (39 bytes)   callee is too large
                              @ 18   java.lang.StringBuilder::append (8 bytes)   inline
                                @ 2   java.lang.AbstractStringBuilder::append (45 bytes)   callee is too large
                              @ 22   java.lang.StringBuilder::append (8 bytes)   inline
                                @ 2   java.lang.AbstractStringBuilder::append (55 bytes)   callee is too large
                              @ 25   java.lang.StringBuilder::toString (9 bytes)   inline
                                @ 5   java.lang.String::<init> (7 bytes)   inline
                                  @ 3   java.lang.String::<init> (98 bytes)   callee is too large
                              @ 28   java.lang.invoke.MethodHandleStatics::newIllegalArgumentException (9 bytes)   inline
                                @ 5   java.lang.IllegalArgumentException::<init> (6 bytes)   don't inline Throwable constructors
89   82       1       java.lang.invoke.MethodType::ptypes (5 bytes)
89   78       3       java.lang.AbstractStringBuilder::ensureCapacityInternal (39 bytes)
                              @ 24   java.lang.AbstractStringBuilder::newCapacity (59 bytes)   callee is too large89   87     n 0       java.lang.invoke.MethodHandle::linkToSpecial(LLIL)V (native)   (static)

                              @ 32   java.util.Arrays::copyOf (33 bytes)   callee uses too much stack
90   85       1       jdk.internal.util.WeakReferenceKey::hashCode (5 bytes)
90   86       1       java.lang.invoke.MethodType::form (5 bytes)
90   88       3       java.lang.Class::getClassLoader (28 bytes)
                              @ 11   java.lang.System::getSecurityManager (12 bytes)   inline
                                @ 0   java.lang.System::allowSecurityManager (13 bytes)   inline
91   89       3       java.lang.invoke.MemberName::isInvocable (8 bytes)
                              @ 4   java.lang.invoke.MemberName::anyFlagSet (15 bytes)   inline
91   90       3       java.lang.invoke.MemberName::anyFlagSet (15 bytes)
91   91       3       java.lang.String::getBytes (44 bytes)
                              @ 1   java.lang.String::coder (15 bytes)   inline
                              @ 22   java.lang.System::arraycopy (0 bytes)   intrinsic
                              @ 40   java.lang.StringLatin1::inflate (10 bytes)   callee uses too much stack
91   92       3       jdk.internal.org.objectweb.asm.SymbolTable::get (13 bytes)
91   93       3       java.util.Arrays::copyOfRange (25 bytes)
                              @ 18   java.lang.Object::clone (0 bytes)   no static binding
                              @ 13   java.util.Arrays::copyOfRangeByte (33 bytes)   force inline by annotation
                                @ 2   java.util.Arrays::checkLength (38 bytes)   force inline by annotation
                                  @ 13   java.lang.StringBuilder::<init> (7 bytes)   inline
                                    @ 3   java.lang.AbstractStringBuilder::<init> (39 bytes)   callee is too large
                                  @ 17   java.lang.StringBuilder::append (8 bytes)   inline
                                    @ 2   java.lang.AbstractStringBuilder::append (55 bytes)   callee is too large
                                  @ 23   java.lang.StringBuilder::append (8 bytes)   inline
                                    @ 2   java.lang.AbstractStringBuilder::append (45 bytes)   callee is too large
                                  @ 27   java.lang.StringBuilder::append (8 bytes)   inline
                                    @ 2   java.lang.AbstractStringBuilder::append (55 bytes)   callee is too large
                                  @ 30   java.lang.StringBuilder::toString (9 bytes)   inline
                                    @ 5   java.lang.String::<init> (7 bytes)   inline
                                      @ 3   java.lang.String::<init> (98 bytes)   callee is too large
                                  @ 33   java.lang.IllegalArgumentException::<init> (6 bytes)   don't inline Throwable constructors
                                @ 24   java.lang.Math::min (11 bytes)   inline
                                @ 27   java.lang.System::arraycopy (0 bytes)   intrinsic
92   94       3       jdk.internal.org.objectweb.asm.ByteVector::putUTF8 (144 bytes)
                              @ 1   java.lang.String::length (11 bytes)   inline
                                @ 6   java.lang.String::coder (15 bytes)   inline
                              @ 17   java.lang.IllegalArgumentException::<init> (6 bytes)   don't inline Throwable constructors
                              @ 43   jdk.internal.org.objectweb.asm.ByteVector::enlarge (73 bytes)   callee is too large
                              @ 85   java.lang.String::charAt (25 bytes)   inline
                                @ 1   java.lang.String::isLatin1 (19 bytes)   inline
                                @ 12   java.lang.StringLatin1::charAt (15 bytes)   inline
                                  @ 3   java.lang.String::checkIndex (10 bytes)   inline
                                    @ 5   jdk.internal.util.Preconditions::checkIndex (18 bytes)   intrinsic
                                @ 21   java.lang.StringUTF16::charAt (11 bytes)   inline
                                  @ 2   java.lang.StringUTF16::checkIndex (9 bytes)   inline
                                    @ 2   java.lang.StringUTF16::length (5 bytes)   inline
                                    @ 5   java.lang.String::checkIndex (10 bytes)   inline
94   96     n 0       java.lang.Object::getClass (native)   
                                      @ 5   jdk.internal.util.Preconditions::checkIndex (18 bytes)   intrinsic
                                  @ 7   java.lang.StringUTF16::getChar (60 bytes)   intrinsic
                              @ 127   jdk.internal.org.objectweb.asm.ByteVector::encodeUtf8 (337 bytes)   callee is too large
95   97       3       java.util.concurrent.ConcurrentHashMap::casTabAt (21 bytes)
                              @ 17   jdk.internal.misc.Unsafe::compareAndSetReference (0 bytes)   intrinsic
95   95       3       jdk.internal.org.objectweb.asm.SymbolTable::hash (10 bytes)
                              @ 4   java.lang.String::hashCode (60 bytes)   callee is too large
96   98       3       java.lang.ref.Reference::reachabilityFence (1 bytes)
97  100       3       java.nio.Buffer::session (20 bytes)
                              @ 14  jdk/internal/foreign/AbstractMemorySegmentImpl::sessionImpl (not loaded)   not inlineable
97  101       3       java.nio.Buffer::checkIndex (12 bytes)
                              @ 8   jdk.internal.util.Preconditions::checkIndex (18 bytes)   intrinsic
97  102       3       java.util.concurrent.ConcurrentHashMap$Node::<init> (20 bytes)
97  103     n 0       jdk.internal.misc.Unsafe::getInt (native)   
                              @ 1   java.lang.Object::<init> (1 bytes)   inline
97  104       3       java.nio.DirectByteBuffer::ix (10 bytes)
97  105   !   3       java.nio.DirectByteBuffer::get (34 bytes)
                              @ 4   java.nio.Buffer::session (20 bytes)   force inline by annotation
                                @ 14  97  109     n 0       jdk.internal.misc.Unsafe::putReferenceVolatile (native)   
jdk/internal/foreign/AbstractMemorySegmentImpl::sessionImpl (not loaded)   not inlineable
                              @ 11   java.nio.Buffer::checkIndex (12 bytes)   force inline by annotation
                                @ 8   jdk.internal.util.Preconditions::checkIndex (18 bytes)   intrinsic
                              @ 14   java.nio.DirectByteBuffer::ix (10 bytes)   callee uses too much stack
               !              @ 17   jdk.internal.misc.ScopedMemoryAccess::getByte (16 bytes)   force inline by annotation
               !                @ 4   jdk.internal.misc.ScopedMemoryAccess::getByteInternal (34 bytes)   force inline by annotation
                                  @ 5  jdk/internal/foreign/MemorySessionImpl::checkValidStateRaw (not loaded)   not inlineable
                                  @ 13   jdk.internal.misc.Unsafe::getByte (0 bytes)   intrinsic
                                  @ 28   java.lang.ref.Reference::reachabilityFence (1 bytes)   force inline by annotation
                                  @ 19   java.lang.ref.Reference::reachabilityFence (1 bytes)   force inline by annotation
                                @ 12  jdk/internal/misc/ScopedMemoryAccess$ScopedAccessError::newRuntimeException (not loaded)   not inlineable
                              @ 29   java.lang.ref.Reference::reachabilityFence (1 bytes)   force inline by annotation
                              @ 22   java.lang.ref.Reference::reachabilityFence (1 bytes)   force inline by annotation
98  106   !   3       jdk.internal.misc.ScopedMemoryAccess::getByte (16 bytes)
               !              @ 4   jdk.internal.misc.ScopedMemoryAccess::getByteInternal (34 bytes)   force inline by annotation
                                @ 5  jdk/internal/foreign/MemorySessionImpl::checkValidStateRaw (not loaded)   not inlineable
                                @ 13   jdk.internal.misc.Unsafe::getByte (0 bytes)   intrinsic
                                @ 28   java.lang.ref.Reference::reachabilityFence (1 bytes)   force inline by annotation
                                @ 19   java.lang.ref.Reference::reachabilityFence (1 bytes)   force inline by annotation
                              @ 12  jdk/internal/misc/ScopedMemoryAccess$ScopedAccessError::newRuntimeException (not loaded)   not inlineable
99  107   !   3       jdk.internal.misc.ScopedMemoryAccess::getByteInternal (34 bytes)
                              @ 5  jdk/internal/foreign/MemorySessionImpl::checkValidStateRaw (not loaded)   not inlineable
                              @ 13   jdk.internal.misc.Unsafe::getByte (0 bytes)   intrinsic
                              @ 28   java.lang.ref.Reference::reachabilityFence (1 bytes)   force inline by annotation
                              @ 19   java.lang.ref.Reference::reachabilityFence (1 bytes)   force inline by annotation
99  108       3       java.util.concurrent.ConcurrentHashMap::addCount (280 bytes)
99  110       4       java.lang.ref.Reference::reachabilityFence (1 bytes)
100   98       3       java.lang.ref.Reference::reachabilityFence (1 bytes)   made not entrant
100   99       4       java.lang.String::charAt (25 bytes)
                              @ 31   jdk.internal.misc.Unsafe::compareAndSetLong (0 bytes)   intrinsic
                              @ 58  java/util/concurrent/ThreadLocalRandom::getProbe (not loaded)   not inlineable
                              @ 91   jdk.internal.misc.Unsafe::compareAndSetLong (0 bytes)   intrinsic
                              @ 115   java.util.concurrent.ConcurrentHashMap::sumCount (60 bytes)   callee is too large
                              @ 161   java.util.concurrent.ConcurrentHashMap::resizeStamp (9 bytes)   inline
                                @ 1   java.lang.Integer::numberOfLeadingZeros (79 bytes)   callee is too large
                              @ 227   jdk.internal.misc.Unsafe::compareAndSetInt (0 bytes)   intrinsic
               !m             @ 238   java.util.concurrent.ConcurrentHashMap::transfer (849 bytes)   callee is too large
                              @ 257   jdk.internal.misc.Unsafe::compareAndSetInt (0 bytes)   intrinsic
               !m             @ 267   java.util.concurrent.ConcurrentHashMap::transfer (849 bytes)   callee is too large
                              @ 271   java.util.concurrent.ConcurrentHashMap::sumCount (60 bytes)   callee is too large
               !              @ 104   java.util.concurrent.ConcurrentHashMap::fullAddCount (462 bytes)   callee is too large
101  111       3       jdk.internal.org.objectweb.asm.ByteVector::putShort (52 bytes)
                              @ 18   jdk.internal.org.objectweb.asm.ByteVector::enlarge (73 bytes)   callee is too large
101  112       3       jdk.internal.util.ReferencedKeyMap::get (10 bytes)
                              @ 1   jdk.internal.util.ReferencedKeyMap::removeStaleReferences (30 bytes)   inline
               !                @ 4   java.lang.ref.ReferenceQueue::poll (40 bytes)   no static binding
                                @ 20   java.util.Map::remove (0 bytes)   no static binding
                              @ 6   jdk.internal.util.ReferencedKeyMap::getNoCheckStale (22 bytes)   inline
                                @ 3   java.util.Objects::requireNonNull (15 bytes)   force inline by annotation
                                  @ 9   java.lang.NullPointerException::<init> (6 bytes)   don't inline Throwable constructors
                                @ 13   jdk.internal.util.ReferencedKeyMap::lookupKey (9 bytes)   inline
                                  @ 5   jdk.internal.util.StrongReferenceKey::<init> (10 bytes)   inline
                                    @ 1   java.lang.Object::<init> (1 bytes)   inline
                                @ 16   java.util.Map::get (0 bytes)   no static binding
102  113       3       jdk.internal.util.ReferencedKeyMap::getNoCheckStale (22 bytes)
                              @ 3   java.util.Objects::requireNonNull (15 bytes)   force inline by annotation
                                @ 9   java.lang.NullPointerException::<init> (6 bytes)   don't inline Throwable constructors
                              @ 13   jdk.internal.util.ReferencedKeyMap::lookupKey (9 bytes)   inline
                                @ 5   jdk.internal.util.StrongReferenceKey::<init> (10 bytes)   inline
                                  @ 1   java.lang.Object::<init> (1 bytes)   inline
                              @ 16   java.util.Map::get (0 bytes)   no static binding
102  114       3       java.lang.StringLatin1::hashCode (52 bytes)
                              @ 48   jdk.internal.util.ArraysSupport::vectorizedHashCode (158 bytes)   callee is too large
103  115 %     3       java.util.Properties$LineReader::readLine @ 224 (584 bytes)
                              @ 70   java.io.InputStream::read (9 bytes)   no static binding
                              @ 82  java/io/Reader::read (not loaded)   not inlineable
                              @ 274   java.io.InputStream::read (9 bytes)   no static binding
                              @ 343  java/io/Reader::read (not loaded)   not inlineable
                              @ 401   jdk.internal.util.ArraysSupport::newLength (27 bytes)   inline
                                @ 3   java.lang.Math::max (11 bytes)   inline
                                @ 23   jdk.internal.util.ArraysSupport::hugeLength (60 bytes)   callee is too large
                              @ 417   java.lang.System::arraycopy (0 bytes)   intrinsic
                              @ 479   java.io.InputStream::read (9 bytes)   no static binding
                              @ 491  java/io/Reader::read (not loaded)   not inlineable
104  119     n 0       java.lang.invoke.MethodHandle::linkToStatic(LL)L (native)   (static)
105    8       3       java.lang.String::charAt (25 bytes)   made not entrant
                              @ 1   java.lang.String::isLatin1 (19 bytes)   inline (hot)
                              @ 12   java.lang.StringLatin1::charAt (15 bytes)   inline (hot)
                                @ 3   java.lang.String::checkIndex (10 bytes)   inline (hot)
                                  @ 5   jdk.internal.util.Preconditions::checkIndex (18 bytes)   (intrinsic)
105  116       3       java.util.Properties::loadConvert (540 bytes)
                              @ 46   java.lang.String::<init> (14 bytes)   callee uses too much stack
                              @ 53   java.lang.StringBuilder::setLength (6 bytes)   inline
                                @ 2   java.lang.AbstractStringBuilder::setLength (82 bytes)   callee is too large
                              @ 68   java.lang.StringBuilder::append (10 bytes)   inline
                                @ 4   java.lang.AbstractStringBuilder::append (37 bytes)   callee is too large
                              @ 122   java.lang.IllegalArgumentException::<init> (6 bytes)   don't inline Throwable constructors
                              @ 435   java.lang.IllegalArgumentException::<init> (6 bytes)   don't inline Throwable constructors
                              @ 452   java.lang.StringBuilder::append (8 bytes)   inline
                                @ 2   java.lang.AbstractStringBuilder::append (77 bytes)   callee is too large
                              @ 516   java.lang.StringBuilder::append (8 bytes)   inline
                                @ 2   java.lang.AbstractStringBuilder::append (77 bytes)   callee is too large
                              @ 527   java.lang.StringBuilder::append (8 bytes)   inline
                                @ 2   java.lang.AbstractStringBuilder::append (77 bytes)   callee is too large
                              @ 536   java.lang.StringBuilder::toString (9 bytes)   inline
                                @ 5   java.lang.String::<init> (7 bytes)   inline
                                  @ 3   java.lang.String::<init> (98 bytes)   callee is too large
107  118   !   3       java.util.concurrent.ConcurrentHashMap::putVal (432 bytes)
                              @ 17   java.lang.Object::hashCode (0 bytes)   no static binding
                              @ 20   java.util.concurrent.ConcurrentHashMap::spread (10 bytes)   inline
                              @ 69   java.util.concurrent.ConcurrentHashMap::tabAt (22 bytes)   callee uses too much stack
                              @ 91   java.util.concurrent.ConcurrentHashMap$Node::<init> (20 bytes)   inline
                                @ 1   java.lang.Object::<init> (1 bytes)   inline
                              @ 94   java.util.concurrent.ConcurrentHashMap::casTabAt (21 bytes)   callee uses too much stack
                              @ 120   java.util.concurrent.ConcurrentHashMap::helpTransfer (124 bytes)   callee is too large
                              @ 159   java.lang.Object::equals (11 bytes)   no static binding
                              @ 192   java.util.concurrent.ConcurrentHashMap::tabAt (22 bytes)   callee uses too much stack
                              @ 242   java.lang.Object::equals (11 bytes)   no static binding
                              @ 293   java.util.concurrent.ConcurrentHashMap$Node::<init> (20 bytes)   inline
                                @ 1   java.lang.Object::<init> (1 bytes)   inline
                              @ 331  java/util/concurrent/ConcurrentHashMap$TreeBin::putTreeVal (not loaded)   not inlineable
                              @ 374   java.lang.IllegalStateException::<init> (6 bytes)   callee's klass not linked yet
               !m             @ 409   java.util.concurrent.ConcurrentHashMap::treeifyBin (164 bytes)   callee is too large
                              @ 427   java.util.concurrent.ConcurrentHashMap::addCount (280 bytes)   callee is too large
               !              @ 49   java.util.concurrent.ConcurrentHashMap::initTable (112 bytes)   callee is too large
                              @ 12   java.lang.NullPointerException::<init> (5 bytes)   don't inline Throwable constructors
108  124     n 0       java.lang.invoke.MethodHandle::linkToSpecial(LLLLL)L (native)   (static)
109  117       3       jdk.internal.misc.Unsafe::putReferenceRelease (9 bytes)
                              @ 5   jdk.internal.misc.Unsafe::putReferenceVolatile (0 bytes)   intrinsic
110  122       3       java.lang.StringLatin1::indexOf (37 bytes)
                              @ 1   java.lang.StringLatin1::canEncode (17 bytes)   inline
                              @ 11   java.lang.Math::max (11 bytes)   inline
                              @ 18   java.lang.Math::min (11 bytes)   inline
                              @ 33   java.lang.StringLatin1::indexOfChar (33 bytes)   inline
110  123       3       java.lang.System::getSecurityManager (12 bytes)
                              @ 0   java.lang.System::allowSecurityManager (13 bytes)   inline
110  120       1       java.lang.AbstractStringBuilder::length (5 bytes)
110  121       1       java.lang.AbstractStringBuilder::getValue (5 bytes)
110  126       3       java.lang.invoke.MethodType::methodType (69 bytes)
                              @ 17   java.lang.invoke.MethodType::genericMethodType (95 bytes)   callee is too large
                              @ 23   java.lang.invoke.MethodType::isAllObject (25 bytes)   inline
                              @ 45   java.lang.invoke.MethodType::genericMethodType (95 bytes)   callee is too large
                              @ 58   java.lang.invoke.MethodType::genericMethodType (95 bytes)   callee is too large
                              @ 65   java.lang.invoke.MethodType::makeImpl (109 bytes)   callee is too large
111  125       1       java.lang.invoke.MethodHandle::type (5 bytes)
111  127       3       jdk.internal.misc.Unsafe::getLongUnaligned (173 bytes)
                              @ 13   jdk.internal.misc.Unsafe::getLong (0 bytes)   intrinsic
                              @ 30   jdk.internal.misc.Unsafe::getInt (0 bytes)   intrinsic
                              @ 40   jdk.internal.misc.Unsafe::getInt (0 bytes)   intrinsic
                              @ 43   jdk.internal.misc.Unsafe::makeLong (25 bytes)   callee uses too much stack
                              @ 58   jdk.internal.misc.Unsafe::getShort (0 bytes)   intrinsic
                              @ 68   jdk.internal.misc.Unsafe::getShort (0 bytes)   intrinsic
                              @ 78   jdk.internal.misc.Unsafe::getShort (0 bytes)   intrinsic
                              @ 88   jdk.internal.misc.Unsafe::getShort (0 bytes)   intrinsic
                              @ 91   jdk.internal.misc.Unsafe::makeLong (51 bytes)   callee is too large
                              @ 98   jdk.internal.misc.Unsafe::getByte (0 bytes)   intrinsic
                              @ 106   jdk.internal.misc.Unsafe::getByte (0 bytes)   intrinsic
                              @ 116   jdk.internal.misc.Unsafe::getByte (0 bytes)   intrinsic
                              @ 126   jdk.internal.misc.Unsafe::getByte (0 bytes)   intrinsic
                              @ 136   jdk.internal.misc.Unsafe::getByte (0 bytes)   intrinsic
                              @ 146   jdk.internal.misc.Unsafe::getByte (0 bytes)   intrinsic
                              @ 156   jdk.internal.misc.Unsafe::getByte (0 bytes)   intrinsic
                              @ 166   jdk.internal.misc.Unsafe::getByte (0 bytes)   intrinsic
                              @ 169   jdk.internal.misc.Unsafe::makeLong (107 bytes)   callee is too large
112  128       3       java.lang.StringLatin1::equals (36 bytes)
112  129       3       java.lang.StringLatin1::lastIndexOf (40 bytes)
                              @ 1   java.lang.StringLatin1::canEncode (17 bytes)   inline
                              @ 14   java.lang.Math::min (11 bytes)   inline
112  130       3       jdk.internal.misc.Unsafe::pickPos (14 bytes)
113  131       3       jdk.internal.util.Preconditions::checkFromToIndex (24 bytes)
                              @ 18   jdk.internal.util.Preconditions::outOfBoundsCheckFromToIndex (32 bytes)   callee uses too much stack
113  132       4       java.util.concurrent.ConcurrentHashMap::spread (10 bytes)
113  133       3       java.lang.String::startsWith (7 bytes)
113   46       3       java.util.concurrent.ConcurrentHashMap::spread (10 bytes)   made not entrant
                              @ 3   java.lang.String::startsWith (123 bytes)   callee is too large
113  136       3       java.lang.AbstractStringBuilder::putStringAt (19 bytes)
                              @ 2   java.lang.AbstractStringBuilder::inflateIfNeededFor (22 bytes)   inline
                                @ 11   java.lang.String::coder (15 bytes)   inline
                                @ 18   java.lang.AbstractStringBuilder::inflate (42 bytes)   callee is too large
                              @ 15   java.lang.String::getBytes (44 bytes)   callee is too large
114  137       3       java.lang.AbstractStringBuilder::inflateIfNeededFor (22 bytes)
                              @ 11   java.lang.String::coder (15 bytes)   inline
                              @ 18   java.lang.AbstractStringBuilder::inflate (42 bytes)   callee is too large
114  134       3       java.lang.String::substring (58 bytes)
                              @ 1   java.lang.String::length (11 bytes)   inline
                                @ 6   java.lang.String::coder (15 bytes)   inline
                              @ 8   java.lang.String::checkBoundsBeginEnd (11 bytes)   inline
                                @ 6   jdk.internal.util.Preconditions::checkFromToIndex (24 bytes)   inline
                                  @ 18   jdk.internal.util.Preconditions::outOfBoundsCheckFromToIndex (32 bytes)   callee is too large
                              @ 28   java.lang.String::isLatin1 (19 bytes)   inline
                              @ 41   java.lang.StringLatin1::newString (24 bytes)   callee uses too much stack
                              @ 54   java.lang.StringUTF16::newString (62 bytes)   callee is too large
115  140       3       java.lang.String::<init> (15 bytes)
                              @ 1   java.lang.Object::<init> (1 bytes)   inline
115  135       3       java.lang.String::checkBoundsBeginEnd (11 bytes)
                              @ 6   jdk.internal.util.Preconditions::checkFromToIndex (24 bytes)   inline
                                @ 18   jdk.internal.util.Preconditions::outOfBoundsCheckFromToIndex (32 bytes)   callee is too large
115  139       3       java.lang.StringLatin1::canEncode (13 bytes)
115  141       3       java.lang.StringBuilder::append (8 bytes)
                              @ 2   java.lang.AbstractStringBuilder::append (45 bytes)   callee is too large
115  142       3       java.lang.AbstractStringBuilder::append (45 bytes)
                              @ 5   java.lang.AbstractStringBuilder::appendNull (83 bytes)   callee is too large
                              @ 10   java.lang.String::length (11 bytes)   inline
                                @ 6   java.lang.String::coder (15 bytes)   inline
                              @ 21   java.lang.AbstractStringBuilder::ensureCapacityInternal (39 bytes)   callee is too large
                              @ 30   java.lang.AbstractStringBuilder::putStringAt (19 bytes)   inline
                                @ 2   java.lang.AbstractStringBuilder::inflateIfNeededFor (22 bytes)   inline
                                  @ 11   java.lang.String::coder (15 bytes)   inline
                                  @ 18   java.lang.AbstractStringBuilder::inflate (42 bytes)   callee is too large
                                @ 15   java.lang.String::getBytes (44 bytes)   callee is too large
116  143       3       java.lang.String::indexOf (7 bytes)
                              @ 3   java.lang.String::indexOf (37 bytes)   callee is too large
116  138       3       java.util.Objects::equals (23 bytes)
                              @ 11   java.lang.Object::equals (11 bytes)   no static binding
117  144       1       java.util.zip.Inflater$InflaterZStreamRef::address (5 bytes)
117  145       3       jdk.internal.misc.Unsafe::toUnsignedLong (7 bytes)
117  146       3       java.lang.String::lastIndexOf (12 bytes)
                              @ 3   java.lang.String::length (11 bytes)   inline
                                @ 6   java.lang.String::coder (15 bytes)   inline
                              @ 8   java.lang.String::lastIndexOf (29 bytes)   inline
                                @ 1   java.lang.String::isLatin1 (19 bytes)   inline
                                @ 13   java.lang.StringLatin1::lastIndexOf (40 bytes)   callee is too large
                                @ 25   java.lang.StringUTF16::lastIndexOf (47 bytes)   callee is too large
117  148       3       java.lang.StringLatin1::indexOf (121 bytes)
118  149       3       java.lang.String::startsWith (123 bytes)
                              @ 6   java.lang.String::length (11 bytes)   inline
                                @ 6   java.lang.String::coder (15 bytes)   inline
                              @ 10   java.lang.String::length (11 bytes)   inline
                                @ 6   java.lang.String::coder (15 bytes)   inline
                              @ 39   java.lang.String::coder (15 bytes)   inline
                              @ 47   java.lang.String::coder (15 bytes)   inline
                              @ 70   jdk.internal.util.ArraysSupport::mismatch (103 bytes)   callee is too large
                              @ 101   java.lang.StringUTF16::getChar (60 bytes)   intrinsic
118  150       3       java.util.HashMap::hash (20 bytes)
                              @ 9   java.lang.Object::hashCode (0 bytes)   no static binding
119  147       1       java.net.URL::getProtocol (5 bytes)
119  152       3       java.lang.StringLatin1::replace (198 bytes)
                              @ 1   java.lang.StringLatin1::canEncode (13 bytes)   inline
                              @ 41   java.lang.StringLatin1::canEncode (13 bytes)   inline
                              @ 49   java.lang.StringConcatHelper::newArray (40 bytes)   force inline by annotation
                                @ 22   java.lang.OutOfMemoryError::<init> (6 bytes)   don't inline Throwable constructors
                                @ 33   jdk.internal.misc.Unsafe::allocateUninitializedArray (55 bytes)   callee is too large
                              @ 123   java.lang.String::<init> (15 bytes)   inline
                                @ 1   java.lang.Object::<init> (1 bytes)   inline
                              @ 128   java.lang.StringUTF16::newBytesFor (7 bytes)   inline
                                @ 1   java.lang.StringUTF16::newBytesLength (59 bytes)   callee is too large
                              @ 140   java.lang.StringLatin1::inflate (10 bytes)   callee uses too much stack
                              @ 176   java.lang.StringUTF16::putChar (54 bytes)   intrinsic
                              @ 192   java.lang.String::<init> (15 bytes)   inline
                                @ 1   java.lang.Object::<init> (1 bytes)   inline
120  153       3       java.lang.Enum::<init> (15 bytes)
                              @ 1   java.lang.Object::<init> (1 bytes)   inline
120  151       3       jdk.internal.org.objectweb.asm.ByteVector::putByte (39 bytes)
                              @ 18   jdk.internal.org.objectweb.asm.ByteVector::enlarge (73 bytes)   callee is too large
120  154     n 0       java.lang.invoke.MethodHandleNatives::resolve (native)   (static)
121  155       3       java.lang.AbstractStringBuilder::isLatin1 (19 bytes)
121  156       3       jdk.internal.org.objectweb.asm.Symbol::<init> (38 bytes)
                              @ 1   java.lang.Object::<init> (1 bytes)   inline
121  157       3       jdk.internal.org.objectweb.asm.SymbolTable::put (150 bytes)
122  158       3       java.lang.invoke.MemberName::allFlagsSet (16 bytes)
122  160       3       java.lang.invoke.MethodType::parameterCount (6 bytes)
122  159       3       java.lang.StringBuilder::length (5 bytes)
                              @ 1   java.lang.AbstractStringBuilder::length (5 bytes)   inline
122  161       3       java.lang.invoke.MethodType::parameterType (7 bytes)
123  162       3       java.lang.AbstractStringBuilder::<init> (39 bytes)
                              @ 1   java.lang.Object::<init> (1 bytes)   inline
123  164       3       java.lang.StringBuilder::toString (9 bytes)
                              @ 5   java.lang.String::<init> (7 bytes)   inline
                                @ 3   java.lang.String::<init> (98 bytes)   callee is too large
123  163       3       java.lang.Class::getName (18 bytes)
                              @ 14   java.lang.Class::initClassName (0 bytes)   native method
124  165       3       jdk.internal.misc.Unsafe::allocateUninitializedArray0 (90 bytes)
124  168       3       jdk.internal.org.objectweb.asm.SymbolTable::addConstantUtf8 (98 bytes)
                              @ 2   jdk.internal.org.objectweb.asm.SymbolTable::hash (10 bytes)   inline
                                @ 4   java.lang.String::hashCode (60 bytes)   callee is too large
                              @ 8   jdk.internal.org.objectweb.asm.SymbolTable::get (13 bytes)   inline
                              @ 37   java.lang.String::equals (56 bytes)   callee is too large
                              @ 61   jdk.internal.org.objectweb.asm.ByteVector::putByte (39 bytes)   callee is too large
                              @ 65   jdk.internal.org.objectweb.asm.ByteVector::putUTF8 (144 bytes)   callee is too large
                              @ 88   jdk.internal.org.objectweb.asm.SymbolTable$Entry::<init> (17 bytes)   callee uses too much stack
                              @ 91   jdk.internal.org.objectweb.asm.SymbolTable::put (150 bytes)   callee is too large
125  169       3       jdk.internal.org.objectweb.asm.SymbolTable$Entry::<init> (17 bytes)
                              @ 7   jdk.internal.org.objectweb.asm.Symbol::<init> (38 bytes)   callee is too large
125  170       3       java.lang.StringLatin1::newString (24 bytes)
                              @ 16   java.util.Arrays::copyOfRange (25 bytes)   inline
                                @ 18   java.lang.Object::clone (0 bytes)   no static binding
                                @ 13   java.util.Arrays::copyOfRangeByte (33 bytes)   force inline by annotation
                                  @ 2   java.util.Arrays::checkLength (38 bytes)   force inline by annotation
                                    @ 13   java.lang.StringBuilder::<init> (7 bytes)   inline
                                      @ 3   java.lang.AbstractStringBuilder::<init> (39 bytes)   callee is too large
                                    @ 17   java.lang.StringBuilder::append (8 bytes)   inline
                                      @ 2   java.lang.AbstractStringBuilder::append (55 bytes)   callee is too large
                                    @ 23   java.lang.StringBuilder::append (8 bytes)   inline
                                      @ 2   java.lang.AbstractStringBuilder::append (45 bytes)   callee is too large
                                    @ 27   java.lang.StringBuilder::append (8 bytes)   inline
                                      @ 2   java.lang.AbstractStringBuilder::append (55 bytes)   callee is too large
                                    @ 30   java.lang.StringBuilder::toString (9 bytes)   inline
                                      @ 5   java.lang.String::<init> (7 bytes)   inline
                                        @ 3   java.lang.String::<init> (98 bytes)   callee is too large
                                    @ 33   java.lang.IllegalArgumentException::<init> (6 bytes)   don't inline Throwable constructors
                                  @ 24   java.lang.Math::min (11 bytes)   inline
                                  @ 27   java.lang.System::arraycopy (0 bytes)   intrinsic
                              @ 20   java.lang.String::<init> (15 bytes)   inline
                                @ 1   java.lang.Object::<init> (1 bytes)   inline
126  167       1       java.util.ArrayList::size (5 bytes)
126  173       3       java.lang.invoke.MethodType::<init> (15 bytes)
                              @ 1   java.lang.Object::<init> (1 bytes)   inline
127  171       3       jdk.internal.misc.Unsafe::allocateUninitializedArray (55 bytes)
                              @ 11   java.lang.IllegalArgumentException::<init> (6 bytes)   don't inline Throwable constructors
                              @ 16   java.lang.Class::isPrimitive (0 bytes)   intrinsic
                              @ 29   java.lang.IllegalArgumentException::<init> (6 bytes)   don't inline Throwable constructors
                              @ 44   java.lang.IllegalArgumentException::<init> (6 bytes)   don't inline Throwable constructors
                              @ 51   jdk.internal.misc.Unsafe::allocateUninitializedArray0 (90 bytes)   callee is too large
127  174       3       jdk.internal.org.objectweb.asm.Frame::execute (2305 bytes)
127  175       4       jdk.internal.org.objectweb.asm.SymbolTable::get (13 bytes)
                              @ 822   jdk.internal.org.objectweb.asm.Frame::push (109 bytes)   callee is too large
                              @ 959   jdk.internal.org.objectweb.asm.Frame::push (109 bytes)   callee is too large
                              @ 983   jdk.internal.org.objectweb.asm.Frame::push (109 bytes)   callee is too large
                              @ 968   jdk.internal.org.objectweb.asm.Frame::push (109 bytes)   callee is too large
                              @ 974   jdk.internal.org.objectweb.asm.Frame::push (109 bytes)   callee is too large
                              @ 992   jdk.internal.org.objectweb.asm.Frame::push (109 bytes)   callee is too large
                              @ 998   jdk.internal.org.objectweb.asm.Frame::push (109 bytes)   callee is too large
                              @ 1011   jdk.internal.org.objectweb.asm.SymbolTable::addType (81 bytes)   callee is too large
                              @ 1015   jdk.internal.org.objectweb.asm.Frame::push (109 bytes)   callee is too large
                              @ 1028   jdk.internal.org.objectweb.asm.SymbolTable::addType (81 bytes)   callee is too large
                              @ 1032   jdk.internal.org.objectweb.asm.Frame::push (109 bytes)   callee is too large
                              @ 1062   jdk.internal.org.objectweb.asm.SymbolTable::addType (81 bytes)   callee is too large
                              @ 1066   jdk.internal.org.objectweb.asm.Frame::push (109 bytes)   callee is too large
                              @ 1045   jdk.internal.org.objectweb.asm.SymbolTable::addType (81 bytes)   callee is too large
                              @ 1049   jdk.internal.org.objectweb.asm.Frame::push (109 bytes)   callee is too large
                              @ 1079   jdk.internal.org.objectweb.asm.Frame::push (59 bytes)   callee is too large
                              @ 1089  java/lang/AssertionError::<init> (not loaded)   not inlineable
                              @ 831   jdk.internal.org.objectweb.asm.Frame::push (109 bytes)   callee is too large
                              @ 840   jdk.internal.org.objectweb.asm.Frame::push (109 bytes)   callee is too large
                              @ 846   jdk.internal.org.objectweb.asm.Frame::push (109 bytes)   callee is too large
                              @ 855   jdk.internal.org.objectweb.asm.Frame::push (109 bytes)   callee is too large
                              @ 864   jdk.internal.org.objectweb.asm.Frame::push (109 bytes)   callee is too large
                              @ 870   jdk.internal.org.objectweb.asm.Frame::push (109 bytes)   callee is too large
                              @ 1096   jdk.internal.org.objectweb.asm.Frame::getLocal (46 bytes)   callee is too large
                              @ 1099   jdk.internal.org.objectweb.asm.Frame::push (109 bytes)   callee is too large
             128  179     n 0       java.lang.Class::isInterface (native)   
                 @ 1147   jdk.internal.org.objectweb.asm.Frame::pop (46 bytes)   callee is too large
                              @ 1151   jdk.internal.org.objectweb.asm.Frame::pop (42 bytes)   callee is too large
128   92       3       jdk.internal.org.objectweb.asm.SymbolTable::get (13 bytes)   made not entrant
                              @ 1174   jdk.internal.org.objectweb.asm.Frame::push (109 bytes)   callee is too large
                              @ 1269   jdk.internal.org.objectweb.asm.Frame::pop (46 bytes)   callee is too large
                              @ 1273   jdk.internal.org.objectweb.asm.Frame::pop (42 bytes)   callee is too large
                              @ 1282   jdk.internal.org.objectweb.asm.Frame::setLocal (65 bytes)   callee is too large
                              @ 1291   jdk.internal.org.objectweb.asm.Frame::setLocal (65 bytes)   callee is too large
                              @ 1302   jdk.internal.org.objectweb.asm.Frame::getLocal (46 bytes)   callee is too large
                              @ 1362   jdk.internal.org.objectweb.asm.Frame::setLocal (65 bytes)   callee is too large
                              @ 1327   jdk.internal.org.objectweb.asm.Frame::setLocal (65 bytes)   callee is too large
                              @ 1181   jdk.internal.org.objectweb.asm.Frame::pop (42 bytes)   callee is too large
                              @ 1190   jdk.internal.org.objectweb.asm.Frame::setLocal (65 bytes)   callee is too large
                              @ 1201   jdk.internal.org.objectweb.asm.Frame::getLocal (46 bytes)   callee is too large
                              @ 1261   jdk.internal.org.objectweb.asm.Frame::setLocal (65 bytes)   callee is too large
                              @ 1226   jdk.internal.org.objectweb.asm.Frame::setLocal (65 bytes)   callee is too large
                              @ 1378   jdk.internal.org.objectweb.asm.Frame::pop (46 bytes)   callee is too large
                              @ 1370   jdk.internal.org.objectweb.asm.Frame::pop (46 bytes)   callee is too large
                              @ 1401   jdk.internal.org.objectweb.asm.Frame::pop (42 bytes)   callee is too large
                              @ 1409   jdk.internal.org.objectweb.asm.Frame::push (109 bytes)   callee is too large
                              @ 1415   jdk.internal.org.objectweb.asm.Frame::push (109 bytes)   callee is too large
                              @ 1422   jdk.internal.org.objectweb.asm.Frame::pop (42 bytes)   callee is too large
                              @ 1428   jdk.internal.org.objectweb.asm.Frame::pop (42 bytes)   callee is too large
                              @ 1436   jdk.internal.org.objectweb.asm.Frame::push (109 bytes)   callee is too large
                              @ 1442   jdk.internal.org.objectweb.asm.Frame::push (109 bytes)   callee is too large
                              @ 1448   jdk.internal.org.objectweb.asm.Frame::push (109 bytes)   callee is too large
                              @ 1455   jdk.internal.org.objectweb.asm.Frame::pop (42 bytes)   callee is too large
                              @ 1461   jdk.internal.org.objectweb.asm.Frame::pop (42 bytes)   callee is too large
                              @ 1467   jdk.internal.org.objectweb.asm.Frame::pop (42 bytes)   callee is too large
                              @ 1475   jdk.internal.org.objectweb.asm.Frame::push (109 bytes)   callee is too large
                              @ 1481   jdk.internal.org.objectweb.asm.Frame::push (109 bytes)   callee is too large
                              @ 1487   jdk.internal.org.objectweb.asm.Frame::push (109 bytes)   callee is too large
                              @ 1493   jdk.internal.org.objectweb.asm.Frame::push (109 bytes)   callee is too large
                              @ 1500   jdk.internal.org.objectweb.asm.Frame::pop (42 bytes)   callee is too large
                              @ 1506   jdk.internal.org.objectweb.asm.Frame::pop (42 bytes)   callee is too large
                              @ 1514   jdk.internal.org.objectweb.asm.Frame::push (109 bytes)   callee is too large
                              @ 1520   jdk.internal.org.objectweb.asm.Frame::push (109 bytes)   callee is too large
                              @ 1526   jdk.internal.org.objectweb.asm.Frame::push (109 bytes)   callee is too large
                              @ 1532   jdk.internal.org.objectweb.asm.Frame::push (109 bytes)   callee is too large
                              @ 1539   jdk.internal.org.objectweb.asm.Frame::pop (42 bytes)   callee is too large
                              @ 1545   jdk.internal.org.objectweb.asm.Frame::pop (42 bytes)   callee is too large
                              @ 1551   jdk.internal.org.objectweb.asm.Frame::pop (42 bytes)   callee is too large
                              @ 1559   jdk.internal.org.objectweb.asm.Frame::push (109 bytes)   callee is too large
                              @ 1565   jdk.internal.org.objectweb.asm.Frame::push (109 bytes)   callee is too large
                              @ 1571   jdk.internal.org.objectweb.asm.Frame::push (109 bytes)   callee is too large
                              @ 1577   jdk.internal.org.objectweb.asm.Frame::push (109 bytes)   callee is too large
                              @ 1583   jdk.internal.org.objectweb.asm.Frame::push (109 bytes)   callee is too large
                              @ 1590   jdk.internal.org.objectweb.asm.Frame::pop (42 bytes)   callee is too large
                     129  182     n 0       java.lang.invoke.MethodHandle::invokeBasic(LL)L (native)   
         @ 1596   jdk.internal.org.objectweb.asm.Frame::pop (42 bytes)   callee is too large
                              @ 1602   jdk.internal.org.objectweb.asm.Frame::pop129  183     n 0       java.lang.invoke.MethodHandle::linkToSpecial(LLLL)L (native)   (static)
 (42 bytes)   callee is too large
                              @ 1608   jdk.internal.org.objectweb.asm.Frame::pop (42 bytes)   callee is too large
                              @ 1616   jdk.internal.org.objectweb.asm.Frame::push (109 bytes)   callee is too large
                              @ 1622   jdk.internal.org.objectweb.asm.Frame::push (109 bytes)   callee is too large
                              @ 1628   jdk.internal.org.objectweb.asm.Frame::push (109 bytes)   callee is too large
                              @ 1634   jdk.internal.org.objectweb.asm.Frame::push (109 bytes)   callee is too large
                              @ 1640   jdk.internal.org.objectweb.asm.Frame::push (109 bytes)   callee is too large
                              @ 1646   jdk.internal.org.objectweb.asm.Frame::push (109 bytes)   callee is too large
                              @ 1653   jdk.internal.org.objectweb.asm.Frame::pop (42 bytes)   callee is too large
                              @ 1659   jdk.internal.org.objectweb.asm.Frame::pop (42 bytes)   callee is too large
                              @ 1667   jdk.internal.org.objectweb.asm.Frame::push (109 bytes)   callee is too large
129  184     n 0       java.lang.Class::isAssignableFrom (native)   
                              @ 1673   jdk.internal.org.objectweb.asm.Frame::push (109 bytes)   callee is too large
                              @ 1729   jdk.internal.org.objectweb.asm.Frame::pop (46 bytes)   callee is too large
                              @ 1735   jdk.internal.org.objectweb.asm.Frame::push (109 bytes)   callee is too large
                              @ 1741   jdk.internal.org.objectweb.asm.Frame::push (109 bytes)   callee is too large
                              @ 1749   jdk.internal.org.objectweb.asm.Frame::pop130  185     n 0       java.lang.invoke.MethodHandle::linkToStatic(LLLLL)L (native)   (static)
 (46 bytes)   callee is too large
                              @ 1755   jdk.internal.org.objectweb.asm.Frame::push (109 bytes)   callee is too large
                              @ 1761   jdk.internal.org.objectweb.asm.Frame::push (109 bytes)   callee is too large
                              @ 1695   jdk.internal.org.objectweb.asm.Frame::pop (46 bytes)   callee is too large
                              @ 1701   jdk.internal.org.objectweb.asm.Frame::push (109 bytes)   callee is too large
                              @ 1707   jdk.internal.org.objectweb.asm.Frame::push (109 bytes)   callee is too large
                              @ 1771   jdk.internal.org.objectweb.asm.Frame::setLocal (65 bytes)   callee is too large
                              @ 1799   jdk.internal.org.objectweb.asm.Frame::pop (46 bytes)   callee is too large
                              @ 1805   jdk.internal.org.objectweb.asm.Frame::push (109 bytes)   callee is too large
                              @ 1127   jdk.internal.org.objectweb.asm.Frame::pop (46 bytes)   callee is too large
130  186     n 0       java.lang.invoke.MethodHandle::invokeBasic(LLLL)L (native)   
                              @ 1133   jdk.internal.org.objectweb.asm.Frame::push (109 bytes)   callee is too large
                              @ 1139   jdk.internal.org.objectweb.asm.Frame::push (109 bytes)   callee is too large
                              @ 1779   jdk.internal.org.objectweb.asm.Frame::pop (46 bytes)   callee is too large
                              @ 1785   jdk.internal.org.objectweb.asm.Frame::push (109 bytes)   callee is too large
                              @ 1791   jdk.internal.org.objectweb.asm.Frame::push (109 bytes)   callee is too large
                              @ 1813   jdk.internal.org.objectweb.asm.Frame::pop (46 bytes)   callee is too large
                              @ 1819   jdk.internal.org.objectweb.asm.Frame::push (109 bytes)   callee is too large
                              @ 1825   jdk.internal.org.objectweb.asm.Frame::push (109 bytes)   callee is too large
                              @ 1107   jdk.internal.org.objectweb.asm.Frame::pop (46 bytes)   callee is too large
                              @ 1113   jdk.internal.org.objectweb.asm.Frame::push (109 bytes)   callee is too large
                              @ 1119   jdk.internal.org.objectweb.asm.Frame::push (109 bytes)   callee is too large
                              @ 1715   jdk.internal.org.objectweb.asm.Frame::pop (46 bytes)   callee is too large
                              @ 1721   jdk.internal.org.objectweb.asm.Frame::push (109 bytes)   callee is too large
                              @ 1681   jdk.internal.org.objectweb.asm.Frame::pop (46 bytes)   callee is too large
                              @ 1687   jdk.internal.org.objectweb.asm.Frame::push (109 bytes)   callee is too large
                              @ 1847   jdk.internal.org.objectweb.asm.Frame::pop (46 bytes)   callee is too large
                              @ 1853   jdk.internal.org.objectweb.asm.Frame::push (109 bytes)   callee is too large
                              @ 1865   java.lang.IllegalArgumentException::<init> (6 bytes)   don't inline Throwable constructors
                              @ 1394   jdk.internal.org.objectweb.asm.Frame::pop (46 bytes)   callee is too large
                              @ 1876   jdk.internal.org.objectweb.asm.Frame::push (59 bytes)   callee is too large
                              @ 1887   jdk.internal.org.objectweb.asm.Frame::pop (53 bytes)   callee is too large
                              @ 1895   jdk.internal.org.objectweb.asm.Frame::pop (46 bytes)   callee is too large
                              @ 1905   jdk.internal.org.objectweb.asm.Frame::push (59 bytes)   callee is too large
                              @ 1916   jdk.internal.org.objectweb.asm.Frame::pop (53 bytes)   callee is too large
                              @ 1920   jdk.internal.org.objectweb.asm.Frame::pop (42 bytes)   callee is too large
                              @ 1932   jdk.internal.org.objectweb.asm.Frame::pop (53 bytes)   callee is too large
                              @ 1943   jdk.internal.org.objectweb.asm.Frame::pop (42 bytes)   callee is too large
                              @ 1960   java.lang.String::charAt (25 bytes)   inline
                                @ 1   java.lang.String::isLatin1 (19 bytes)   inline
                                @ 12   java.lang.StringLatin1::charAt (15 bytes)   inline
                                  @ 3   java.lang.String::checkIndex (10 bytes)   inline
                                    @ 5   jdk.internal.util.Preconditions::checkIndex (18 bytes)   intrinsic
                                @ 21   java.lang.StringUTF16::charAt (11 bytes)   inline
                                  @ 2   java.lang.StringUTF16::checkIndex (9 bytes)   inline
                                    @ 2   java.lang.StringUTF16::length (5 bytes)   inline
                                    @ 5   java.lang.String::checkIndex (10 bytes)   inline
                                      @ 5   jdk.internal.util.Preconditions::checkIndex (18 bytes)   intrinsic
                                  @ 7   java.lang.StringUTF16::getChar (60 bytes)   intrinsic
                              @ 1971   jdk.internal.org.objectweb.asm.Frame::addInitializedType (77 bytes)   callee is too large
                              @ 1981   jdk.internal.org.objectweb.asm.Frame::push (59 bytes)   callee is too large
                              @ 1992   jdk.internal.org.objectweb.asm.Frame::pop (53 bytes)   callee is too large
                              @ 2002   jdk.internal.org.objectweb.asm.Frame::push (59 bytes)   callee is too large
                              @ 2018   jdk.internal.org.objectweb.asm.SymbolTable::addUninitializedType (103 bytes)   callee is too large
                              @ 2022   jdk.internal.org.objectweb.asm.Frame::push (109 bytes)   callee is too large
                              @ 2029   jdk.internal.org.objectweb.asm.Frame::pop (42 bytes)   callee is too large
                              @ 2083   jdk.internal.org.objectweb.asm.Frame::push (109 bytes)   callee is too large
                              @ 2092   jdk.internal.org.objectweb.asm.Frame::push (109 bytes)   callee is too large
                              @ 2128   jdk.internal.org.objectweb.asm.Frame::push (109 bytes)   callee is too large
                              @ 2137   jdk.internal.org.objectweb.asm.Frame::push (109 bytes)   callee is too large
                              @ 2101   jdk.internal.org.objectweb.asm.Frame::push (109 bytes)   callee is too large
                              @ 2110   jdk.internal.org.objectweb.asm.Frame::push (109 bytes)   callee is too large
                              @ 2119   jdk.internal.org.objectweb.asm.Frame::push (109 bytes)   callee is too large
                              @ 2146   jdk.internal.org.objectweb.asm.Frame::push (109 bytes)   callee is too large
                              @ 2156   java.lang.IllegalArgumentException::<init> (5 bytes)   don't inline Throwable constructors
                              @ 2167   jdk.internal.org.objectweb.asm.Frame::pop (42 bytes)   callee is too large
                              @ 2174   java.lang.String::charAt (25 bytes)   inline
                                @ 1   java.lang.String::isLatin1 (19 bytes)   inline
                                @ 12   java.lang.StringLatin1::charAt (15 bytes)   inline
                                  @ 3   java.lang.String::checkIndex (10 bytes)   inline
                                    @ 5   jdk.internal.util.Preconditions::checkIndex (18 bytes)   intrinsic
                                @ 21   java.lang.StringUTF16::charAt (11 bytes)   inline
                                  @ 2   java.lang.StringUTF16::checkIndex (9 bytes)   inline
                                    @ 2   java.lang.StringUTF16::length (5 bytes)   inline
                                    @ 5   java.lang.String::checkIndex (10 bytes)   inline
                                      @ 5   jdk.internal.util.Preconditions::checkIndex (18 bytes)   intrinsic
                                  @ 7   java.lang.StringUTF16::getChar (60 bytes)   intrinsic
                              @ 2189   java.lang.StringBuilder::<init> (7 bytes)   inline
                                @ 3   java.lang.AbstractStringBuilder::<init> (39 bytes)   callee is too large
                              @ 2194   java.lang.StringBuilder::append (8 bytes)   inline
                                @ 2   java.lang.AbstractStringBuilder::append (77 bytes)   callee is too large
                              @ 2199   java.lang.StringBuilder::append (8 bytes)   inline
                                @ 2   java.lang.AbstractStringBuilder::append (45 bytes)   callee is too large
                              @ 2202   java.lang.StringBuilder::toString (9 bytes)   inline
                                @ 5   java.lang.String::<init> (7 bytes)   inline
                                  @ 3   java.lang.String::<init> (98 bytes)   callee is too large
                              @ 2205   jdk.internal.org.objectweb.asm.Frame::push (59 bytes)   callee is too large
                              @ 2218   jdk.internal.org.objectweb.asm.SymbolTable::addType (81 bytes)   callee is too large
                              @ 2222   jdk.internal.org.objectweb.asm.Frame::push (109 bytes)   callee is too large
                              @ 2235   jdk.internal.org.objectweb.asm.Frame::pop (42 bytes)   callee is too large
                              @ 2242   java.lang.String::charAt (25 bytes)   inline
                                @ 1   java.lang.String::isLatin1 (19 bytes)   inline
                                @ 12   java.lang.StringLatin1::charAt (15 bytes)   inline
                                  @ 3   java.lang.String::checkIndex (10 bytes)   inline
                                    @ 5   jdk.internal.util.Preconditions::checkIndex (18 bytes)   intrinsic
                                @ 21   java.lang.StringUTF16::charAt (11 bytes)   inline
                                  @ 2   java.lang.StringUTF16::checkIndex (9 bytes)   inline
                                    @ 2   java.lang.StringUTF16::length (5 bytes)   inline
                                    @ 5   java.lang.String::checkIndex (10 bytes)   inline
                                      @ 5   jdk.internal.util.Preconditions::checkIndex (18 bytes)   intrinsic
                                  @ 7   java.lang.StringUTF16::getChar (60 bytes)   intrinsic
                              @ 2255   jdk.internal.org.objectweb.asm.Frame::push (59 bytes)   callee is too large
                              @ 2268   jdk.internal.org.objectweb.asm.SymbolTable::addType (81 bytes)   callee is too large
                              @ 2272   jdk.internal.org.objectweb.asm.Frame::push (109 bytes)   callee is too large
                              @ 1833   jdk.internal.org.objectweb.asm.Frame::pop (46 bytes)   callee is too large
                              @ 1839   jdk.internal.org.objectweb.asm.Frame::push (109 bytes)   callee is too large
                              @ 2280   jdk.internal.org.objectweb.asm.Frame::pop (46 bytes)   callee is too large
                              @ 2290   jdk.internal.org.objectweb.asm.Frame::push (59 bytes)   callee is too large
                              @ 1386   jdk.internal.org.objectweb.asm.Frame::pop (46 bytes)   callee is too large
                              @ 2300   java.lang.IllegalArgumentException::<init> (5 bytes)   don't inline Throwable constructors
135  189     n 0       java.lang.Class::desiredAssertionStatus0 (native)   (static)
135  190     n 0       java.lang.Class::initClassName (native)   
136  176       3       jdk.internal.org.objectweb.asm.Frame::push (109 bytes)
                              @ 38   java.lang.Math::max (11 bytes)   inline
                              @ 52   java.lang.System::arraycopy (0 bytes)   intrinsic
137  180       1       java.lang.reflect.Method::getName (5 bytes)
137  177       3       jdk.internal.org.objectweb.asm.ByteVector::put12 (64 bytes)
                              @ 18   jdk.internal.org.objectweb.asm.ByteVector::enlarge (73 bytes)   callee is too large
137  178       1       jdk.internal.org.objectweb.asm.SymbolTable::getMajorVersion (5 bytes)
137  166       3       java.lang.String::toString (2 bytes)
137  187       1       java.lang.invoke.MethodTypeForm::parameterSlotCount (5 bytes)
137  181       1       java.lang.invoke.MethodHandles$Lookup::lookupClass (5 bytes)
137  188       1       java.lang.invoke.MethodTypeForm::erasedType (5 bytes)
137  172       1       sun.invoke.util.Wrapper::basicTypeChar (5 bytes)
137  191       1       java.lang.Class::getModule (5 bytes)
138  192       3       jdk.internal.org.objectweb.asm.SymbolTable::addConstantUtf8Reference (101 bytes)
                              @ 2   jdk.internal.org.objectweb.asm.SymbolTable::hash (10 bytes)   inline
                                @ 4   java.lang.String::hashCode (60 bytes)   callee is too large
                              @ 8   jdk.internal.org.objectweb.asm.SymbolTable::get (13 bytes)   inline
                              @ 42   java.lang.String::equals (56 bytes)   callee is too large
                              @ 68   jdk.internal.org.objectweb.asm.SymbolTable::addConstantUtf8 (98 bytes)   callee is too large
                              @ 71   jdk.internal.org.objectweb.asm.ByteVector::put12 (64 bytes)   callee is too large
                              @ 94   jdk.internal.org.objectweb.asm.SymbolTable$Entry::<init> (17 bytes)   callee uses too much stack
                              @ 97   jdk.internal.org.objectweb.asm.SymbolTable::put (150 bytes)   callee is too large
138  195       3       java.lang.invoke.MethodType::makeImpl (109 bytes)
                              @ 17   java.lang.invoke.MethodType::<init> (15 bytes)   inline
                                @ 1   java.lang.Object::<init> (1 bytes)   inline
                              @ 25   jdk.internal.util.ReferencedKeySet::get (27 bytes)   inline
                                @ 5   jdk.internal.util.ReferencedKeyMap::get (10 bytes)   inline
                                  @ 1   jdk.internal.util.ReferencedKeyMap::removeStaleReferences (30 bytes)   callee is too large
                                  @ 6   jdk.internal.util.ReferencedKeyMap::getNoCheckStale (22 bytes)   inline
                                    @ 3   java.util.Objects::requireNonNull (15 bytes)   force inline by annotation
                                    @ 13   jdk.internal.util.ReferencedKeyMap::lookupKey (9 bytes)   inline
                                      @ 5   jdk.internal.util.StrongReferenceKey::<init> (10 bytes)   inline
                                        @ 1   java.lang.Object::<init> (1 bytes)   inline
                                    @ 16   java.util.Map::get (0 bytes)   no static binding
                                @ 21   jdk.internal.util.ReferenceKey::get (0 bytes)   no static binding
                              @ 42   java.util.Objects::requireNonNull (14 bytes)   force inline by annotation
                                @ 8   java.lang.NullPointerException::<init> (5 bytes)   don't inline Throwable constructors
                              @ 51   java.lang.invoke.MethodType::checkPtypes (76 bytes)   callee is too large
                              @ 64   java.util.Arrays::copyOf (10 bytes)   inline
                                @ 3   java.lang.Object::getClass (0 bytes)   intrinsic
                                @ 6   java.util.Arrays::copyOf (40 bytes)   callee is too large
                              @ 72   java.lang.invoke.MethodType::checkPtypes (76 bytes)   callee is too large
                              @ 82   java.lang.invoke.MethodType::<init> (15 bytes)   inline
                                @ 1   java.lang.Object::<init> (1 bytes)   inline
                              @ 91  139  196     n 0       java.lang.invoke.MethodHandle::linkToInterface(LLL)I (native)   (static)
 java.lang.invoke.MethodTypeForm::findForm (24 bytes)   inline
                                @ 2   java.lang.invoke.MethodTypeForm::canonicalize (59 bytes)   callee is too large
                                @ 15   java.lang.invoke.MethodTypeForm::<init> (322 bytes)   callee is too large
                                @ 20   java.lang.invoke.MethodType::form (5 bytes)   inline
                              @ 102   jdk.internal.util.ReferencedKeySet::intern (9 bytes)   inline
                                @ 5   jdk.internal.util.ReferencedKeyMap::intern (18 bytes)   inline
                                  @ 2   jdk.internal.util.ReferencedKeyMap::existingKey (32 bytes)   callee is too large
                                  @ 14   jdk.internal.util.ReferencedKeyMap::internKey (57 bytes)   callee is too large
140  193       3       java.lang.ref.WeakReference::<init> (7 bytes)
                              @ 3   java.lang.ref.Reference::<init> (25 bytes)   inline
                                @ 1   java.lang.Object::<init> (1 bytes)   inline
141  198       3       java.lang.StringBuilder::append (8 bytes)
141  200       4       java.lang.String::isLatin1 (19 bytes)
                              @ 2   java.lang.AbstractStringBuilder::append (77 bytes)   callee is too large
141  199       3       java.lang.AbstractStringBuilder::append (77 bytes)
                              @ 7   java.lang.AbstractStringBuilder::ensureCapacityInternal (39 bytes)   callee is too large
                              @ 11   java.lang.AbstractStringBuilder::isLatin1 (19 bytes)   inline
                              @ 18   java.lang.StringLatin1::canEncode (13 bytes)   inline
                              @ 46   java.lang.AbstractStringBuilder::isLatin1 (19 bytes)   inline
                              @ 53   java.lang.AbstractStringBuilder::inflate (42 bytes)   callee is too large
                              @ 72   java.lang.StringUTF16::putCharSB (12 bytes)   inline
                              141    6       3       java.lang.String::isLatin1 (19 bytes)   made not entrant
  @ 2   java.lang.StringUTF16::checkIndex (9 bytes)   inline
                                  @ 2   java.lang.StringUTF16::length (5 bytes)   inline
                                  @ 5   java.lang.String::checkIndex (10 bytes)   inline
                                    @ 5   jdk.internal.util.Preconditions::checkIndex (18 bytes)   intrinsic
                                @ 8   java.lang.StringUTF16::putChar (54 bytes)   intrinsic
142  197       3       java.lang.ref.Reference::<init> (25 bytes)
                              @ 1   java.lang.Object::<init> (1 bytes)   inline
142  194       3       java.util.Arrays::copyOf (33 bytes)
                              @ 7   java.lang.Object::clone (0 bytes)   no static binding
                              @ 25   java.lang.Math::min (11 bytes)   inline
                              @ 28   java.lang.System::arraycopy (0 bytes)   intrinsic
142  201       3       java.util.AbstractCollection::<init> (5 bytes)
                              @ 1   java.lang.Object::<init> (1 bytes)   inline
143  202       3       java.util.HashMap$Node::<init> (26 bytes)
                              @ 1   java.lang.Object::<init> (1 bytes)   inline
144  203       3       java.lang.invoke.MethodType::equals (25 bytes)
                              @ 19   java.lang.invoke.MethodType::equals (31 bytes)   inline144  204     n 0       java.lang.invoke.MethodHandle::linkToStatic(LLL)I (native)   (static)

                                @ 19   java.util.Arrays::equals (57 bytes)   callee is too large
144  205     n 0       java.lang.Class::isHidden (native)   
145  206     n 0       java.lang.String::intern (native)   
146  207       3       sun.invoke.util.VerifyAccess::isSamePackage (37 bytes)
146  208     n 0       java.lang.invoke.MethodHandle::linkToSpecial(LLL)I (native)   (static)
                              @ 8   java.lang.Class::getClassLoader (28 bytes)   force inline by annotation
                                @ 11   java.lang.System::getSecurityManager (12 bytes)   inline
                                  @ 0   java.lang.System::allowSecurityManager (13 bytes)   inline
                              @ 12   java.lang.Class::getClassLoader (28 bytes)   force inline by annotation
                                @ 11   java.lang.System::getSecurityManager (12 bytes)   inline
                                  @ 0   java.lang.System::allowSecurityManager (13 bytes)   inline
                              @ 21   java.lang.Class::getPackageName (81 bytes)   callee is too large
                              @ 25   java.lang.Class::getPackageName (81 bytes)   callee is too large
146  209       3       java.lang.invoke.MemberName::initResolved (53 bytes)
146  210       3       java.lang.String::replace (42 bytes)
                              @ 6   java.lang.String::isLatin1 (19 bytes)   inline
                              @ 18   java.lang.StringLatin1::replace (198 bytes)   callee is too large
                              @ 30   java.lang.StringUTF16::replace (172 bytes)   callee is too large
147  211       3       java.lang.invoke.MethodTypeForm::canonicalizeAll (63 bytes)
                              @ 19   java.lang.invoke.MethodTypeForm::canonicalize (74 bytes)   callee is too large
                              @ 42   java.lang.Object::clone (0 bytes)   no static binding
147  212       3       java.lang.Object::equals (11 bytes)
147  213   !   3       java.lang.invoke.MemberName::clone (14 bytes)
                              @ 1   java.lang.Object::clone (0 bytes)   native method
                              @ 10   java.lang.invoke.MethodHandleStatics::newInternalError (9 bytes)   inline
                                @ 5   java.lang.InternalError::<init> (6 bytes)   callee's klass not linked yet
148  217       3       java.lang.invoke.MemberName::getReferenceKind (12 bytes)
148  218   !   3       java.lang.invoke.MemberName::getMethodType (211 bytes)
                              @ 8   java.lang.invoke.MemberName::expandFromVM (21 bytes)   inline
                                @ 9   java.lang.invoke.MemberName::isResolved (13 bytes)   inline
                                @ 17   java.lang.invoke.MethodHandleNatives::expand (0 bytes)   native method
                              @ 21   java.lang.invoke.MemberName::isInvocable (8 bytes)   inline
                                @ 4   java.lang.invoke.MemberName::anyFlagSet (15 bytes)   inline
                              @ 29   java.lang.invoke.MethodHandleStatics::newIllegalArgumentException (9 bytes)   inline
                                @ 5   java.lang.IllegalArgumentException::<init> (6 bytes)   don't inline Throwable constructors
                              @ 76   java.lang.invoke.MemberName::getClassLoader (8 bytes)   inline
                                @ 4   java.lang.Class::getClassLoader (28 bytes)   force inline by annotation
                                  @ 11   java.lang.System::getSecurityManager (12 bytes)   inline
                                    @ 0   java.lang.System::allowSecurityManager (13 bytes)   inline
                              @ 79   java.lang.invoke.MethodType::fromDescriptor (90 bytes)   callee is too large
                              @ 134   java.lang.invoke.MethodType::methodType (69 bytes)   callee is too large
149  215       3       java.lang.reflect.Modifier::isPublic (12 bytes)
149  214       3       java.lang.reflect.Modifier::isProtected (12 bytes)
149  216       1       java.lang.invoke.MethodTypeForm::basicType (5 bytes)
153  219       3       java.util.Objects::hashCode (13 bytes)
                              @ 5   java.lang.Object::hashCode (0 bytes)   no static binding
153  220       3       jdk.internal.org.objectweb.asm.SymbolTable::addConstantClass (8 bytes)
                              @ 4   jdk.internal.org.objectweb.asm.SymbolTable::addConstantUtf8Reference (101 bytes)   callee is too large
153  221       3       jdk.internal.org.objectweb.asm.ByteVector::putInt (74 bytes)
                              @ 18   jdk.internal.org.objectweb.asm.ByteVector::enlarge (73 bytes)   callee is too large
154  222       3       java.lang.reflect.Modifier::isStatic (13 bytes)
154  223     n 0       jdk.internal.loader.NativeLibrary::findEntry0 (native)   (static)
155  224       3       java.lang.AbstractStringBuilder::newCapacity (59 bytes)
                              @ 29   jdk.internal.util.ArraysSupport::newLength (27 bytes)   inline
                                @ 3   java.lang.Math::max (11 bytes)   inline
                                @ 23   jdk.internal.util.ArraysSupport::hugeLength (60 bytes)   callee is too large
                              @ 47   java.lang.OutOfMemoryError::<init> (6 bytes)   don't inline Throwable constructors
156  226       3       jdk.internal.jimage.ImageStringsReader::unmaskedHashCode (166 bytes)
                              @ 1   java.lang.String::length (11 bytes)   inline
                                @ 6   java.lang.String::coder (15 bytes)   inline
156  229       4       java.lang.String::length (11 bytes)
                              @ 19   java.lang.String::charAt (25 bytes)   inline
                                @ 1   java.lang.String::isLatin1 (19 bytes)   inline
                                @ 12   java.lang.StringLatin1::charAt (15 bytes)   inline
                                  @ 3   java.lang.String::checkIndex (10 bytes)   inline
                                    @ 5   jdk.internal.util.Preconditions::checkIndex (18 bytes)   intrinsic
                                @ 21   java.lang.StringUTF16::charAt (11 bytes)   inline
                                  @ 2   java.lang.StringUTF16::checkIndex (9 bytes)   inline
                                    @ 2   java.lang.StringUTF16::length (5 bytes)   inline
                                    @ 5   java.lang.String::checkIndex (10 bytes)   inline
                                      @ 5   jdk.internal.util.Preconditions::checkIndex (18 bytes)   intrinsic
                                  @ 7   java.lang.StringUTF16::getChar (60 bytes)   intrinsic
157    5       3       java.lang.String::length (11 bytes)   made not entrant
                              @ 6   java.lang.String::coder (15 bytes)   inline (hot)
157  228       3       java.util.concurrent.ConcurrentHashMap$Traverser::advance (188 bytes)
                              @ 72   java.util.concurrent.ConcurrentHashMap::tabAt (22 bytes)   callee uses too much stack
                              @ 112   java.util.concurrent.ConcurrentHashMap$Traverser::pushState (66 bytes)   callee is too large
                              @ 148   java.util.concurrent.ConcurrentHashMap$Traverser::recoverState (118 bytes)   callee is too large
157  227       1       java.nio.Buffer::limit (5 bytes)
157  225       3       java.util.concurrent.ConcurrentHashMap$BaseIterator::hasNext (13 bytes)
161  230     n 0       java.lang.invoke.MethodHandle::linkToStatic(IL)L (native)   (static)
162  231       3       java.lang.invoke.MethodHandles$Lookup::lookupClassOrNull (17 bytes)
163  232     n 0       java.lang.invoke.MethodHandle::linkToStatic(LLJJL)I (native)   (static)
164  233     n 0       java.lang.invoke.MethodHandle::linkToStatic(LLLLLL)L (native)   (static)
164  236     n 0       java.lang.invoke.MethodHandle::invokeBasic(LLLLL)L (native)   
164  234       3       java.lang.invoke.LambdaForm$BasicType::basicType (187 bytes)
164  237     n 0       java.lang.invoke.MethodHandle::linkToSpecial(LLLLLLL)L (native)   (static)
                              @ 162   java.lang.StringBuilder::<init> (7 bytes)   inline
                                @ 3   java.lang.AbstractStringBuilder::<init> (39 bytes)   callee is too large
                              @ 167   java.lang.StringBuilder::append (8 bytes)   inline
                                @ 2   java.lang.AbstractStringBuilder::append (45 bytes)   callee is too large
                              @ 171   java.lang.StringBuilder::append (8 bytes)   inline
                                @ 2   java.lang.AbstractStringBuilder::append (77 bytes)   callee is too large
                     164  239     n 0       java.lang.invoke.MethodHandle::linkToStatic(LJL)L (native)   (static)
         @ 176   java.lang.StringBuilder::append (8 bytes)   inline
                                @ 2   java.lang.AbstractStringBuilder::append (45 bytes)   callee is too large
                              165  240     n 0       java.lang.invoke.MethodHandle::invokeBasic(LJ)L (native)   
@ 179   java.lang.StringBuilder::toString (9 bytes)   inline
                                @ 5   java.lang.String::<init> (7 bytes)   inline
165  242     n 0       java.lang.invoke.MethodHandle::linkToSpecial(LLJL)L (native)   (static)
                                  @ 3   java.lang.String::<init> (98 bytes)   callee is too large
                              @ 182   java.lang.invoke.MethodHandleStatics::newInternalError (9 bytes)   inline
                                @ 5   java.lang.InternalError::<init> (6 bytes)   callee's klass not linked yet
165  241       3       java.lang.invoke.MethodType::checkPtypes (76 bytes)
                              @ 24   java.util.Objects::requireNonNull (14 bytes)   force inline by annotation
                                @ 8   java.lang.NullPointerException::<init> (5 bytes)   don't inline Throwable constructors
                              @ 38   java.lang.invoke.MethodHandleStatics::newIllegalArgumentException (9 bytes)   inline
                                @ 5   java.lang.IllegalArgumentException::<init> (6 bytes)   don't inline Throwable constructors
                              @ 71   java.lang.invoke.MethodType::checkSlotCount (33 bytes)   inline
                                @ 13   java.lang.StringBuilder::<init> (7 bytes)   inline
                                  @ 3   java.lang.AbstractStringBuilder::<init> (39 bytes)   callee is too large
                                @ 18   java.lang.StringBuilder::append (8 bytes)   inline
                                  @ 2   java.lang.AbstractStringBuilder::append (45 bytes)   callee is too large
                                @ 22   java.lang.StringBuilder::append (8 bytes)   inline
                                  @ 2   java.lang.AbstractStringBuilder::append (55 bytes)   callee is too large
                                @ 25   java.lang.StringBuilder::toString (9 bytes)   inline
                                  @ 5   java.lang.String::<init> (7 bytes)   inline
                                    @ 3   java.lang.String::<init> (98 bytes)   callee is too large
                                @ 28   java.lang.invoke.MethodHandleStatics::newIllegalArgumentException (9 bytes)   inline
                                  @ 5   java.lang.IllegalArgumentException::<init> (6 bytes)   don't inline Throwable constructors
166  238       3       java.lang.invoke.LambdaForm::forceInterpretation (14 bytes)
166  243       3       java.util.concurrent.ConcurrentHashMap::putIfAbsent (8 bytes)
               !m             @ 4   java.util.concurrent.ConcurrentHashMap::putVal (432 bytes)   callee is too large
166  244     n 0       java.lang.invoke.MethodHandle::linkToStatic(JLILL)J (native)   (static)
167  235       3       java.lang.invoke.LambdaForm$BasicType::basicType (8 bytes)
                              @ 1   sun.invoke.util.Wrapper::basicTypeChar (18 bytes)   inline
                                @ 1   java.lang.Class::isPrimitive (0 bytes)   intrinsic
167  246     n 0       java.lang.invoke.MethodHandle::invokeBasic(JLIL)J (native)   
                                @ 11   sun.invoke.util.Wrapper::forPrimitiveType (122 bytes)   callee is too large
                                @ 14   sun.invoke.util.Wrapper::basicTypeChar (5 bytes)   inline
167  248     n 0       java.lang.invoke.MethodHandle::linkToSpecial(LJLILL)J (native)   (static)
                              @ 4   java.lang.invoke.LambdaForm$BasicType::basicType (187 bytes)   callee is too large
167  245       3       sun.invoke.util.VerifyAccess::isTypeVisible (118 bytes)
                              @ 8   java.lang.Class::isArray (0 bytes)   native method
                              @ 15   java.lang.Class::getComponentType (14 bytes)   inline
                                @ 1   java.lang.Class::isArray (0 bytes)   native method
                              @ 23   java.lang.Class::isPrimitive (0 bytes)   intrinsic
                              @ 38   java.lang.Class::getClassLoader (28 bytes)   force inline by annotation
                                @ 11   java.lang.System::getSecurityManager (12 bytes)   inline
                                  @ 0   java.lang.System::allowSecurityManager (13 bytes)   inline
                              @ 43   java.lang.Class::getClassLoader (28 bytes)   force inline by annotation
                                @ 11   java.lang.System::getSecurityManager (12 bytes)   inline
                                  @ 0   java.lang.System::allowSecurityManager (13 bytes)   inline
                              @ 69   java.lang.Class::getName (18 bytes)   inline
                                @ 14   java.lang.Class::initClassName (0 bytes)   native method
167  250     n 0       java.lang.invoke.MethodHandle::invokeBasic(JLI)J (native)   
                              @ 74   java.lang.String::startsWith (7 bytes)   inline
                                @ 3   java.lang.String::168  251     n 0       java.lang.invoke.MethodHandle::linkToSpecial(LJLIL)J (native)   (static)
startsWith (123 bytes)   callee is too large
                              @ 83   java.lang.Class::getName (18 bytes)   inline
                                @ 14   java.lang.Class::initClassName (0 bytes)   native method
                              @ 95  sun/invoke/util/VerifyAccess$1::<init> (not loaded)   not inlineable
                              @ 98   java.security.AccessController::doPrivileged (9 bytes)   inline
                                @ 2   jdk.internal.reflect.Reflection::getCallerClass (0 bytes)   native method
                                @ 5   java.security.AccessController::executePrivileged (65 bytes)   force inline by annotation
                                  @ 29   java.security.PrivilegedAction::run (0 bytes)   no static binding
                                  @ 56   java.lang.ref.Reference::reachabilityFence (1 bytes)   force inline by annotation
                                  @ 60   java.lang.ref.Reference::reachabilityFence (1 bytes)   force inline by annotation
168  252     n 0       java.lang.invoke.MethodHandle::linkToStatic(JLLLL)J (native)   (static)
168  254     n 0       java.lang.invoke.MethodHandle::invokeBasic(JLLL)J (native)   
168  255     n 0       java.lang.invoke.MethodHandle::linkToSpecial(LJLLLL)J (native)   (static)
169  249       3       jdk.internal.org.objectweb.asm.SymbolTable::addConstantMemberReference (147 bytes)
                              @ 5   jdk.internal.org.objectweb.asm.SymbolTable::hash (20 bytes)   inline
                                @ 4   java.lang.String::hashCode (60 bytes)   callee is too large
                                @ 8   java.lang.String::hashCode (60 bytes)   callee is too large
                                @ 13   java.lang.String::hashCode (60 bytes)   callee is too large
                              @ 13   jdk.internal.org.objectweb.asm.SymbolTable::get (13 bytes)   inline
             169  256     n 0       java.lang.invoke.MethodHandle::invokeBasic(JLL)J (native)   
                 @ 48   java.lang.String::equals (56 bytes)   callee is too large
                              @ 60   java.lang.String::equals (56 bytes)   callee is too large169  257     n 0       java.lang.invoke.MethodHandle::linkToSpecial(LJLLL)J (native)   (static)

                              @ 73   java.lang.String::equals (56 bytes)   callee is too large
                              @ 99   jdk.internal.org.objectweb.asm.SymbolTable::addConstantClass (8 bytes)   inline
                                @ 4   jdk.internal.org.objectweb.asm.SymbolTable::addConstantUtf8Reference (101 bytes)   callee is too large
                              @ 109   jdk.internal.org.objectweb.asm.SymbolTable::addConstantNameAndType (137 bytes)   callee is too large
                              @ 112   jdk.internal.org.objectweb.asm.ByteVector::put122 (93 bytes)   callee is too large
                              @ 140   jdk.internal.org.objectweb.asm.SymbolTable$Entry::<init> (20 bytes)   callee uses too much stack
                              @ 143   jdk.internal.org.objectweb.asm.SymbolTable::put (150 bytes)   callee is too large
170  259       3       java.util.Arrays::equals (57 bytes)
                              @ 41   java.util.Objects::equals (23 bytes)   inline
                                @ 11   java.lang.Object::equals (11 bytes)   no static binding
170  260     n 0       java.lang.invoke.MethodHandle::linkToStatic(JL)L (native)   (static)
170  258       3       java.lang.invoke.LambdaForm::argument (27 bytes)
                              @ 12   java.lang.invoke.LambdaForm$Name::<init> (9 bytes)   callee uses too much stack
                              @ 20   java.lang.Enum::ordinal (5 bytes)   inline
170  261       3       java.lang.String::<init> (98 bytes)
                     170  262     n 0       java.lang.invoke.MethodHandle::invokeBasic(J)L (native)   
         @ 1   java.lang.Object::<init> (1 bytes)   inline
170  263     n 0       java.lang.invoke.MethodHandle::linkToSpecial(LJL)L (native)   (static)
                              @ 5   java.lang.AbstractStringBuilder::getValue (5 bytes)   inline
                              @ 10   java.lang.StringBuilder::length (5 bytes)   inline
                                @ 1   java.lang.AbstractStringBuilder::length (5 bytes)   inline
                              @ 16   java.lang.AbstractStringBuilder::isLatin1 (19 bytes)   inline
                              @ 32   java.util.Arrays::copyOfRange (25 bytes)   inline
                                @ 18   java.lang.Object::clone (0 bytes)   no static binding
                                @ 13   java.util.Arrays::copyOfRangeByte (33 bytes)   force inline by annotation
                                  @ 2   java.util.Arrays::checkLength (38 bytes)   force inline by annotation
                                    @ 13   java.lang.StringBuilder::<init> (7 bytes)   inline
                                      @ 3   java.lang.AbstractStringBuilder::<init> (39 bytes)   callee is too large
                                    @ 17   java.lang.StringBuilder::append (8 bytes)   inline
                                      @ 2   java.lang.AbstractStringBuilder::append (55 bytes)   callee is too large
                                    @ 23   java.lang.StringBuilder::append (8 bytes)   inline
                                      @ 2   java.lang.AbstractStringBuilder::append (45 bytes)   callee is too large
                                    @ 27   java.lang.StringBuilder::append (8 bytes)   inline
                                      @ 2   java.lang.AbstractStringBuilder::append (55 bytes)   callee is too large
                                    @ 30   java.lang.StringBuilder::toString (9 bytes)   inline
                                      @ 5   java.lang.String::<init> (7 bytes)   inline
             171  268     n 0       java.lang.invoke.MethodHandle::linkToStatic(JIL)J (native)   (static)
                           @ 3   java.lang.String::<init> (98 bytes)   callee is too large
                                    @ 33   java.lang.IllegalArgumentException::<init> (6 bytes)   don't inline Throwable constructors
171  269     n 0       java.lang.invoke.MethodHandle::invokeBasic(JI)J (native)   
                                  @ 24   java.lang.Math::min (11 bytes)   inline
171  270     n 0       java.lang.invoke.MethodHandle::linkToSpecial(LJIL)J (native)   (static)
                                  @ 27   java.lang.System::arraycopy (0 bytes)   intrinsic
                              @ 59   java.lang.StringUTF16::compress (66 bytes)   callee is too large
                              @ 72   java.lang.StringUTF16::coderFromArrayLen (9 bytes)   force inline by annotation
                              @ 91   java.util.Arrays::copyOfRange (25 bytes)   inline
                                @ 18   java.lang.Object::clone (0 bytes)   no static binding
                                @ 13   java.util.Arrays::copyOfRangeByte (33 bytes)   force inline by annotation
                                  @ 2   java.util.Arrays::checkLength (38 bytes)   force inline by annotation
                                    @ 13   java.lang.StringBuilder::<init> (7 bytes)   inline
                                      @ 3   java.lang.AbstractStringBuilder::<init> (39 bytes)   callee is too large
                                    @ 17   java.lang.StringBuilder::append (8 bytes)   inline
                                      @ 2   java.lang.AbstractStringBuilder::append (55 bytes)   callee is too large
                                    @ 23   java.lang.StringBuilder::append (8 bytes)   inline
                                      @ 2   java.lang.AbstractStringBuilder::append (45 bytes)   callee is too large
172  272     n 0       java.lang.invoke.MethodHandle::linkToStatic(JLL)J (native)   (static)
                                    @ 27   java.lang.StringBuilder::append (8 bytes)   inline
                                      @ 2   java.lang.AbstractStringBuilder::append (55 bytes)   callee is too large
                   172  273     n 0       java.lang.invoke.MethodHandle::invokeBasic(JL)J (native)   
                 @ 30   java.lang.StringBuilder::toString (9 bytes)   inline
                                172  274     n 0       java.lang.invoke.MethodHandle::linkToSpecial(LJLL)J (native)   (static)
      @ 5   java.lang.String::<init> (7 bytes)   inline
                                        @ 3   java.lang.String::<init> (98 bytes)   callee is too large
                                    @ 33   java.lang.IllegalArgumentException::<init> (6 bytes)   don't inline Throwable constructors
                                  @ 24   java.lang.Math::min (11 bytes)   inline
                                  @ 27   java.lang.System::arraycopy (0 bytes)   intrinsic
172  275       4       jdk.internal.org.objectweb.asm.ByteVector::putUTF8 (144 bytes)
173  277     n 0       java.lang.invoke.MethodHandle::linkToStatic(LLLLJL)L (native)   (static)
173  264       3       java.lang.invoke.LambdaForm$Name::initIndex (26 bytes)
173  278     n 0       java.lang.invoke.MethodHandle::invokeBasic(LLLLJ)L (native)   
173  253       3       sun.invoke.util.Wrapper::forPrimitiveType (122 bytes)
                              @ 103   java.lang.StringBuilder::<init> (7 bytes)   inline
                                @ 3   java.lang.AbstractStringBuilder::<init> (39 bytes)   callee is too large
                              @ 108   java.lang.StringBuilder::append (8 bytes)   inline
                                @ 2   java.lang.AbstractStringBuilder::append (45 bytes)   callee is too large
                              @ 112   java.lang.StringBuilder::append (9 bytes)   inline
                                @ 2   java.lang.String::valueOf (15 bytes)   inline
                                  @ 11   java.lang.Class::toString (36 bytes)   callee is too large
                                @ 5   java.lang.StringBuilder::append (8 bytes)   inline
                                  @ 2   java.lang.AbstractStringBuilder::append (45 bytes)   callee is too large
                              @ 115   java.lang.StringBuilder::toString (9 bytes)   inline
                                @ 5   java.lang.String::<init> (7 bytes)   inline
                                  @ 3   java.lang.String::<init> (98 bytes)   callee is too large
                              @ 118   sun.invoke.util.Wrapper::174  279     n 0       java.lang.invoke.MethodHandle::invokeBasic(IL)J (native)   
newIllegalArgumentException (9 bytes)   inline
                              174  280     n 0       java.lang.invoke.MethodHandle::linkToSpecial(LILL)J (native)   (static)
  @ 5   java.lang.IllegalArgumentException::<init> (6 bytes)   don't inline Throwable constructors
174  266       3       java.lang.StringBuilder::<init> (7 bytes)
                              @ 3   java.lang.AbstractStringBuilder::<init> (39 bytes)   callee is too large
174  247       3       java.lang.invoke.MemberName::isStatic (8 bytes)
                              @ 4   java.lang.reflect.Modifier::isStatic (13 bytes)   inline
174  267       1       java.lang.invoke.LambdaForm$Name::index (5 bytes)
175  265       3       java.lang.invoke.MethodTypeForm::canonicalize (59 bytes)
175  282     n 0       java.lang.invoke.MethodHandle::linkToStatic(LLLLLLLL)L (native)   (static)
                              @ 1   java.lang.invoke.MethodType::ptypes (5 bytes)   inline
                              @ 7   java.lang.invoke.MethodTypeForm::canonicalizeAll (63 bytes)   callee is too large
                              @ 12   java.lang.invoke.MethodType::returnType (5 bytes)   inline
                              @ 20   java.lang.invoke.MethodTypeForm::canonicalize (74 bytes)   callee is too large
                              @ 55   java.lang.invoke.MethodType::methodType (69 bytes)   callee is too large
175  283     n 0       java.lang.invoke.MethodHandle::invokeBasic(LLLLLLL)L (native)   
175  276       1       java.lang.invoke.LambdaForm$BasicType::basicTypeClass (5 bytes)
175  281       1       java.lang.invoke.LambdaForm$Name::type (5 bytes)
175  284       3       jdk.internal.org.objectweb.asm.MethodWriter::visitVarInsn (302 bytes)
                              @ 61   jdk.internal.org.objectweb.asm.ByteVector::putByte (39 bytes)   callee is too large
                              @ 82   jdk.internal.org.objectweb.asm.ByteVector::putByte (39 bytes)   callee is too large
                              @ 87   jdk.internal.org.objectweb.asm.ByteVector::put12 (64 bytes)   callee is too large
                              @ 100   jdk.internal.org.objectweb.asm.ByteVector::put11 (52 bytes)   callee is too large
                              @ 179   jdk.internal.org.objectweb.asm.MethodWriter::endCurrentBasicBlockWithNoSuccessor (94 bytes)   callee is too large
                              @ 138   jdk.internal.org.objectweb.asm.Frame::execute (2305 bytes)   callee is too large
                              @ 295   jdk.internal.org.objectweb.asm.Label::<init> (5 bytes)   inline
176  288     n 0       java.lang.invoke.MethodHandle::invokeBasic(IL)L (native)   
                                @ 1   java.lang.Object::<init> (1 bytes)   inline
176  289     n 0       java.lang.invoke.MethodHandle::linkToSpecial(LILL)L (native)   (static)
                              @ 298   jdk.internal.org.objectweb.asm.MethodWriter::visitLabel (330 bytes)   callee is too large
176  286       3       java.lang.invoke.LambdaForm$Name::useCount (51 bytes)
176  287       3       jdk.internal.org.objectweb.asm.Frame::pop (46 bytes)
177  271       1       java.lang.invoke.MethodHandles$Lookup::previousLookupClass (5 bytes)
178  290     n 0       java.lang.invoke.MethodHandle::invokeBasic()J (native)   
178  291     n 0       java.lang.invoke.MethodHandle::linkToSpecial(LL)J (native)   (static)
178  292       3       jdk.internal.org.objectweb.asm.ByteVector::<init> (13 bytes)
                              @ 1   java.lang.Object::<init> (1 bytes)   inline
178  293       3       jdk.internal.org.objectweb.asm.ByteVector::put122 (93 bytes)
                              @ 20   jdk.internal.org.objectweb.asm.ByteVector::enlarge (73 bytes)   callee is too large
179  294       3       java.lang.Class::getPackageName (81 bytes)
                              @ 10   java.lang.Class::isArray (0 bytes)   native method
                              @ 17   java.lang.Class::elementType (28 bytes)   inline
                                @ 1   java.lang.Class::isArray (0 bytes)   native method
                                @ 12   java.lang.Class::isArray (0 bytes)   native method
                                @ 19   java.lang.Class::getComponentType (14 bytes)   inline
                                  @ 1   java.lang.Class::isArray (0 bytes)   native method
                              @ 26   java.lang.Class::isPrimitive (0 bytes)   intrinsic
                              @ 40   java.lang.Class::getName (18 bytes)   inline
                                @ 14   java.lang.Class::initClassName (0 bytes)   native method
                              @ 47   java.lang.String::lastIndexOf (12 bytes)   inline
                                @ 3   java.lang.String::length (11 bytes)   inline
                                  @ 6   java.lang.String::coder (15 bytes)   inline
                                @ 8   java.lang.String::lastIndexOf (29 bytes)   inline
                                  @ 1   java.lang.String::isLatin1 (19 bytes)   inline
                                  @ 13   java.lang.StringLatin1::lastIndexOf (40 bytes)   callee is too large
                                  @ 25   java.lang.StringUTF16::lastIndexOf (47 bytes)   callee is too large
                              @ 62   java.lang.String::substring (58 bytes)   callee is too large
                              @ 65   java.lang.String::intern (0 bytes)   native method
180  295       3       jdk.internal.org.objectweb.asm.ByteVector::putByteArray (49 bytes)
                              @ 16   jdk.internal.org.objectweb.asm.ByteVector::enlarge (73 bytes)   callee is too large
                              @ 34   java.lang.System::arraycopy (0 bytes)   intrinsic
180  296       3       jdk.internal.reflect.ClassFileAssembler::emitByte (11 bytes)
                              @ 5   jdk.internal.reflect.ByteVectorImpl::add (38 bytes)   callee is too large
180  297       3       jdk.internal.reflect.ByteVectorImpl::add (38 bytes)
                              @ 24   jdk.internal.reflect.ByteVectorImpl::resize (44 bytes)   callee is too large
181  299       3       java.lang.invoke.MemberName::getName (25 bytes)
181   94       3       jdk.internal.org.objectweb.asm.ByteVector::putUTF8 (144 bytes)   made not entrant
                              @ 1   java.lang.String::length (11 bytes)   inline (hot)
                                @ 6   java.lang.String::coder (15 bytes)   inline (hot)
                              @ 43   jdk.internal.org.objectweb.asm.ByteVector::enlarge (73 bytes)   too big
                              @ 85   java.lang.String::charAt (25 bytes)   inline (hot)
                                @ 1   java.lang.String::isLatin1 (19 bytes)   inline (hot)
                                @ 12   java.lang.StringLatin1::charAt (15 bytes)   inline (hot)
                                  @ 3   java.lang.String::checkIndex (10 bytes)   inline (hot)
                                    @ 5   jdk.internal.util.Preconditions::checkIndex (18 bytes)   (intrinsic)
                              @ 8   java.lang.invoke.MemberName::expandFromVM (21 bytes)   inline
181  285       4       java.lang.String::hashCode (60 bytes)
                                @ 9   java.lang.invoke.MemberName::isResolved (13 bytes)   inline
                                @ 17   java.lang.invoke.MethodHandleNatives::expand (0 bytes)   native method
182  298       3       sun.invoke.util.VerifyAccess::isClassAccessible (230 bytes)
                              @ 36   sun.invoke.util.VerifyAccess::isSamePackage (37 bytes)   callee is too large
                              @ 45   sun.invoke.util.VerifyAccess::getClassModifiers (24 bytes)   inline
                                @ 1   java.lang.Class::isArray (0 bytes)   native method
                                @ 8   java.lang.Class::isPrimitive (0 bytes)   intrinsic
182  301     n 0       java.lang.invoke.MethodHandle::linkToSpecial(LLLLL)V (native)   (static)
                                @ 20   jdk.internal.reflect.Reflection::getClassAccessFlags (0 bytes)   native method
                                @ 15   java.lang.Class::getModifiers (0 bytes)   intrinsic
182  302     n 0       java.lang.invoke.MethodHandle::invokeBasic(LLL)L (native)   
                              @ 52   java.lang.reflect.Modifier::isPublic (12 bytes)   inline
                              @ 59   java.lang.Class::getModule (5 bytes)   inline
                              @ 65   java.lang.Class::getModule (5 bytes)   inline
                     182    4       3       java.lang.String::hashCode (60 bytes)   made not entrant
                                   @ 17   java.lang.String::isLatin1 (19 bytes)   inline (hot)
                              @ 27   java.lang.StringLatin1::hashCode (52 bytes)   too big
    @ 106   java.lang.Class::getPackageName (81 bytes)   callee is too large
                              @ 109   java.lang.Module::isExported (15 bytes)   inline
                                @ 1   java.util.Objects::requireNonNull (14 bytes)   force inline by annotation
                                  @ 8   java.lang.NullPointerException::<init> (5 bytes)   don't inline Throwable constructors
                                @ 11   java.lang.Module::implIsExportedOrOpen (92 bytes)   callee is too large
                              @ 156   java.lang.Class::getPackageName (81 bytes)   callee is too large
                              @ 159   java.lang.Module::isExported (15 bytes)   inline
                                @ 1   java.util.Objects::requireNonNull (14 bytes)   force inline by annotation
                                  @ 8   java.lang.NullPointerException::<init> (5 bytes)   don't inline Throwable constructors
                                @ 11   java.lang.Module::implIsExportedOrOpen (92 bytes)   callee is too large
                              @ 168   java.lang.Class::getModule (5 bytes)   inline
                              @ 210   sun.invoke.util.VerifyAccess::isModuleAccessible (97 bytes)   callee is too large
                              @ 218   jdk.internal.misc.VM::isModuleSystemInited (13 bytes)   inline
183  300       3       sun.invoke.util.Wrapper::forBasicType (103 bytes)
184  303       3       java.lang.invoke.MemberName$Factory::resolveOrFail (79 bytes)
               !              @ 31   java.lang.invoke.MemberName$Factory::resolve (159 bytes)   callee is too large
                              @ 38   java.lang.invoke.MemberName::isResolved (13 bytes)   inline
                              @ 49   java.lang.invoke.MemberName::makeAccessException (138 bytes)   callee is too large
                              @ 72   java.lang.Class::cast (27 bytes)   force inline by annotation
                                @ 6   java.lang.Class::isInstance (0 bytes)   intrinsic
                                @ 18   java.lang.Class::cannotCastMsg (40 bytes)   callee is too large
                                @ 21   java.lang.ClassCastException::<init> (6 bytes)   don't inline Throwable constructors
184  304     n 0       java.lang.invoke.MethodHandle::linkToStatic(LLIJL)V (native)   (static)
222  305     n 0       java.lang.invoke.MethodHandle::linkToStatic(LLIL)J (native)   (static)
222  306       4       java.lang.String::coder (15 bytes)
223  307       3       jdk.internal.misc.Blocker::currentCarrierThread (9 bytes)
223    2       3       java.lang.String::coder (15 bytes)   made not entrant
                              @ 3   java.lang.System$2::currentCarrierThread (4 bytes)   inline
                                @ 0   java.lang.Thread::currentCarrierThread (0 bytes)   intrinsic
223  308       3       java.lang.System$2::currentCarrierThread (4 bytes)
                              @ 0   java.lang.Thread::currentCarrierThread (0 bytes)   intrinsic
224  309       3       jdk.internal.util.StrongReferenceKey::equals (28 bytes)
                              @ 13   jdk.internal.util.ReferenceKey::get (0 bytes)   no static binding
                              @ 20   jdk.internal.util.StrongReferenceKey::get (5 bytes)   inline
                              @ 24   java.util.Objects::equals (23 bytes)   inline
                                @ 11   java.lang.Object::equals (11 bytes)   no static binding
224  310       3       jdk.internal.reflect.ClassFileAssembler::emitShort (24 bytes)
                              @ 10   jdk.internal.reflect.ClassFileAssembler::emitByte (11 bytes)   inline
                                @ 5   jdk.internal.reflect.ByteVectorImpl::add (38 bytes)   callee is too large
                              @ 20   jdk.internal.reflect.ClassFileAssembler::emitByte (11 bytes)   inline
                                @ 5   jdk.internal.reflect.ByteVectorImpl::add (38 bytes)   callee is too large
225  312     n 0       jdk.internal.reflect.Reflection::getCallerClass (native)   (static)
225  311       3       jdk.internal.reflect.ClassFileAssembler::cpi (22 bytes)
                              @ 13   java.lang.RuntimeException::<init> (6 bytes)   don't inline Throwable constructors
225  313       3       java.util.HashMap::putVal (300 bytes)
                              @ 20   java.util.HashMap::resize (356 bytes)   callee is too large
                              @ 56   java.util.HashMap::newNode (13 bytes)   no static binding
                              @ 91   java.lang.Object::equals (11 bytes)   no static binding
                              @ 123   java.util.HashMap$TreeNode::putTreeVal (314 bytes)   callee's klass not linked yet225  314     n 0       jdk.internal.misc.Unsafe::compareAndSetInt (native)   

                              @ 152   java.util.HashMap::newNode (13 bytes)   no static binding
                              @ 169   java.util.HashMap::treeifyBin (110 bytes)   callee is too large
                              @ 203   java.lang.Object::equals (11 bytes)   no static binding
                              @ 253   java.util.HashMap::afterNodeAccess (1 bytes)   no static binding
                              @ 288   java.util.HashMap::resize (356 bytes)   callee is too large
                              @ 295   java.util.HashMap::afterNodeInsertion (1 bytes)   no static binding
226  320     n 0       jdk.internal.misc.Unsafe::getShort (native)   
226  315       1       java.util.concurrent.locks.AbstractOwnableSynchronizer::setExclusiveOwnerThread (6 bytes)
226  321       3       jdk.internal.util.ArraysSupport::mismatch (103 bytes)
                              @ 48   jdk.internal.util.ArraysSupport::vectorizedMismatch (268 bytes)   intrinsic
227  316       3       java.lang.invoke.MemberName::<init> (50 bytes)
                              @ 1   java.lang.Object::<init> (1 bytes)   inline
                              @ 12   java.lang.String::equals (56 bytes)   callee is too large
                              @ 38   java.lang.invoke.MemberName::flagsMods (45 bytes)   callee is too large
                              @ 41   java.lang.invoke.MemberName::init (53 bytes)   callee is too large
                              @ 46   java.lang.invoke.MemberName::initResolved (53 bytes)   callee is too large
227  317       1       java.util.concurrent.locks.AbstractQueuedSynchronizer::getState (5 bytes)
227  318       1       java.util.concurrent.locks.AbstractOwnableSynchronizer::getExclusiveOwnerThread (5 bytes)
227  319       1       java.util.concurrent.locks.AbstractQueuedSynchronizer::setState (6 bytes)
227  322       1       java.net.URL::getFile (5 bytes)
228  323       3       jdk.internal.util.Preconditions::checkFromIndexSize (25 bytes)
                              @ 19   jdk.internal.util.Preconditions::outOfBoundsCheckFromIndexSize (32 bytes)   callee uses too much stack
229  324       3       java.lang.ClassLoader::checkName (37 bytes)
                              @ 5   java.lang.String::isEmpty (14 bytes)   inline
                              @ 16   java.lang.String::indexOf (7 bytes)   inline
                                @ 3   java.lang.String::indexOf (37 bytes)   callee is too large
                              @ 25   java.lang.String::charAt (25 bytes)   inline
                                @ 1   java.lang.String::isLatin1 (19 bytes)   inline
                                @ 12   java.lang.StringLatin1::charAt (15 bytes)   inline
                                  @ 3   java.lang.String::checkIndex (10 bytes)   inline
                                    @ 5   jdk.internal.util.Preconditions::checkIndex (18 bytes)   intrinsic
                                @ 21   java.lang.StringUTF16::charAt (11 bytes)   inline
                                  @ 2   java.lang.StringUTF16::checkIndex (9 bytes)   inline
                                    @ 2   java.lang.StringUTF16::length (5 bytes)   inline
                                    @ 5   java.lang.String::checkIndex (10 bytes)   inline
                                      @ 5   jdk.internal.util.Preconditions::checkIndex (18 bytes)   intrinsic
                                  @ 7   java.lang.StringUTF16::getChar (60 bytes)   intrinsic
230  326     n 0       java.lang.ClassLoader::findLoadedClass0 (native)   
230  325       1       java.security.ProtectionDomain::getCodeSource (5 bytes)
232  327       3       java.io.ObjectStreamField::getSignature (39 bytes)
                              @ 26   java.lang.Class::descriptorString (170 bytes)   callee is too large
                              @ 29   java.lang.String::intern (0 bytes)   native method
232  329       3       jdk.internal.reflect.ClassFileAssembler::emitConstantPoolUTF8 (50 bytes)
               !              @ 1   jdk.internal.reflect.UTF8::encode (191 bytes)   callee is too large
                              @ 7   jdk.internal.reflect.ClassFileAssembler::emitByte (11 bytes)   inline
                                @ 5   jdk.internal.reflect.ByteVectorImpl::add (38 bytes)   callee is too large
                              @ 14   jdk.internal.reflect.ClassFileAssembler::emitShort (24 bytes)   inline
                                @ 10   jdk.internal.reflect.ClassFileAssembler::emitByte (11 bytes)   inline
                                  @ 5   jdk.internal.reflect.ByteVectorImpl::add (38 bytes)   callee is too large
                                @ 20   jdk.internal.reflect.ClassFileAssembler::emitByte (11 bytes)   inline
                                  @ 5   jdk.internal.reflect.ByteVectorImpl::add (38 bytes)   callee is too large
                              @ 29   jdk.internal.reflect.ClassFileAssembler::emitByte (11 bytes)   inline
                                @ 5   jdk.internal.reflect.ByteVectorImpl::add (38 bytes)   callee is too large
233  328       3       java.io.ObjectStreamField::getTypeCode (9 bytes)
                              @ 1   java.io.ObjectStreamField::getSignature (39 bytes)   callee is too large
                              @ 5   java.lang.String::charAt (25 bytes)   inline
                                @ 1   java.lang.String::isLatin1 (19 bytes)   inline
                                @ 12   java.lang.StringLatin1::charAt (15 bytes)   inline
                                  @ 3   java.lang.String::checkIndex (10 bytes)   inline
                                    @ 5   jdk.internal.util.Preconditions::checkIndex (18 bytes)   intrinsic
                                @ 21   java.lang.StringUTF16::charAt (11 bytes)   inline
                                  @ 2   java.lang.StringUTF16::checkIndex (9 bytes)   inline
                                    @ 2   java.lang.StringUTF16::length (5 bytes)   inline
                                    @ 5   java.lang.String::checkIndex (10 bytes)   inline
                                      @ 5   jdk.internal.util.Preconditions::checkIndex (18 bytes)   intrinsic
                                  @ 7   java.lang.StringUTF16::getChar (60 bytes)   intrinsic
233  330       1       java.io.ObjectStreamField::getName (5 bytes)
233  333       3       java.io.ObjectStreamField::isPrimitive (23 bytes)
                              @ 1   java.io.ObjectStreamField::getTypeCode (9 bytes)   inline
                                @ 1   java.io.ObjectStreamField::getSignature (39 bytes)   callee is too large
                                @ 5   java.lang.String::charAt (25 bytes)   inline
                                  @ 1   java.lang.String::isLatin1 (19 bytes)   inline
                                  @ 12   java.lang.StringLatin1::charAt (15 bytes)   inline
                                    @ 3   java.lang.String::checkIndex (10 bytes)   inline
                                      @ 5   jdk.internal.util.Preconditions::checkIndex (18 bytes)   intrinsic
                                  @ 21   java.lang.StringUTF16::charAt (11 bytes)   inline
                                    @ 2   java.lang.StringUTF16::checkIndex (9 bytes)   inline
                                      @ 2   java.lang.StringUTF16::length (5 bytes)   inline
                                      @ 5   java.lang.String::checkIndex (10 bytes)   inline
                                        @ 5   jdk.internal.util.Preconditions::checkIndex (18 bytes)   intrinsic
                                    @ 7   java.lang.StringUTF16::getChar (60 bytes)   intrinsic
234  336       4       jdk.internal.reflect.ByteVectorImpl::add (38 bytes)
234  335       3       jdk.internal.reflect.UTF8::utf8Length (81 bytes)
                              @ 1   java.lang.String::length (11 bytes)   inline
                                @ 6   java.lang.String::coder (15 bytes)   inline
                              @ 16   java.lang.String::charAt (25 bytes)   inline
                                @ 1   java.lang.String::isLatin1 (19 bytes)   inline
                                @ 12   java.lang.StringLatin1::charAt (15 bytes)   inline
                                  @ 3   java.lang.String::checkIndex (10 bytes)   inline
                                    @ 5   jdk.internal.util.Preconditions::checkIndex (18 bytes)   intrinsic
                                @ 21   java.lang.StringUTF16::charAt (11 bytes)   inline
                                  @ 2   java.lang.StringUTF16::checkIndex (9 bytes)   inline
                                    @ 2   java.lang.StringUTF16::length (5 bytes)   inline
                                    @ 5   java.lang.String::checkIndex (10 bytes)   inline
                                      @ 5   jdk.internal.util.Preconditions::235  297       3       jdk.internal.reflect.ByteVectorImpl::add (38 bytes)   made not entrant
                              @ 24   jdk.internal.reflect.ByteVectorImpl::resize (44 bytes)   too big
checkIndex (18 bytes)235  337       4       java.lang.StringLatin1::equals (36 bytes)
   intrinsic
                                  @ 7   java.lang.StringUTF16::getChar (60 bytes)   intrinsic
236  338   !   3       jdk.internal.reflect.UTF8::encode (191 bytes)
                              @ 1   java.lang.String::length (11 bytes)   inline
                                @ 6   java.lang.String::coder (15 bytes)   inline
                              @ 6   jdk.internal.reflect.UTF8::utf8Length (81 bytes)   callee is too large
                              @ 26  236  341     n 0       java.lang.invoke.MethodHandle::invokeBasic(LL)V (native)   
 java.lang.String::charAt (25 bytes)   inline
                                @ 1   java.lang.String::isLatin1 (19 bytes)236  342     n 0       java.lang.invoke.MethodHandle::linkToSpecial(LLLL)V (native)   (static)
   inline
                                @ 12   java.lang.StringLatin1::charAt (15 bytes)   inline
                                  @ 3   java.lang.String::checkIndex (10 bytes)   inline
                                    @ 5   jdk.internal.util.Preconditions::checkIndex (18 bytes)   intrinsic
                                @ 21   java.lang.StringUTF16::charAt (11 bytes)   inline
                                  @ 2   java.lang.StringUTF16::checkIndex (9 bytes)   inline
                                    @ 2   java.lang.StringUTF16::length (5 bytes)   inline
                                    @ 5   java.lang.String::checkIndex (10 bytes)   inline
                                      @ 5   jdk.internal.util.Preconditions::checkIndex (18 bytes)   intrinsic
                                  @ 7   java.lang.StringUTF16::getChar (60 bytes)   intrinsic
                              @ 185   java.lang.InternalError::<init> (7 bytes)   callee's klass not linked yet
237  339       3       jdk.internal.reflect.ByteVectorImpl::getLength (7 bytes)
237  344       3       java.lang.invoke.MemberName::isConstructor (8 bytes)
                              @ 4   java.lang.invoke.MemberName::allFlagsSet (16 bytes)   inline
238  340       1       jdk.internal.util.ClassFileDumper::isEnabled (5 bytes)
238  345       3       jdk.internal.org.objectweb.asm.SymbolTable::addType (81 bytes)
                              @ 4   jdk.internal.org.objectweb.asm.SymbolTable::hash (10 bytes)   inline
                                @ 4   java.lang.String::hashCode (60 bytes)   callee is too large
                              @ 10   jdk.internal.org.objectweb.asm.SymbolTable::get (13 bytes)   inline
                              @ 41   java.lang.String::equals (56 bytes)   callee is too large
                              @ 74   jdk.internal.org.objectweb.asm.SymbolTable$Entry::<init> (17 bytes)   callee uses too much stack
238  128       3       java.lang.StringLatin1::equals (36 bytes)   made not entrant
                              @ 77   jdk.internal.org.objectweb.asm.SymbolTable::addTypeInternal (85 bytes)   callee is too large
238  347       3       java.lang.invoke.MemberName::isResolved (13 bytes)
239  331       3       java.lang.StringBuilder::<init> (6 bytes)
                              @ 2   java.lang.AbstractStringBuilder::<init> (39 bytes)   callee is too large
239  346       3       java.lang.invoke.MethodType::parameterSlotCount (8 bytes)
                              @ 4   java.lang.invoke.MethodTypeForm::parameterSlotCount (5 bytes)   inline
239  334       1       java.io.ObjectStreamField::getField (5 bytes)
239  332       1       java.lang.reflect.Field::getName (5 bytes)
239  343       1       java.lang.invoke.DirectMethodHandle::internalMemberName (5 bytes)
241  348       1       java.lang.reflect.Field::getType (5 bytes)
241  349       3       jdk.internal.reflect.ByteVectorImpl::get (26 bytes)
                              @ 11   jdk.internal.reflect.ByteVectorImpl::resize (44 bytes)   callee is too large
242  350       4       java.lang.String::equals (56 bytes)
243  351       3       java.lang.StringConcatHelper::checkOverflow (17 bytes)
                              @ 13   java.lang.OutOfMemoryError::<init> (6 bytes)   don't inline Throwable constructors243   61       3       java.lang.String::equals (56 bytes)   made not entrant
                              @ 44   java.lang.StringLatin1::equals (36 bytes)   (intrinsic)

243  353     n 0       java.io.RandomAccessFile::readBytes0 (native)   
243  352       3       java.lang.StringConcatHelper::mix (27 bytes)
                              @ 2   java.lang.String::length (11 bytes)   inline
                                @ 6   java.lang.String::coder (15 bytes)   inline
                              @ 9   java.lang.String::coder (15 bytes)   inline
                              @ 23   java.lang.StringConcatHelper::checkOverflow (17 bytes)   inline
                                @ 13   java.lang.OutOfMemoryError::<init> (6 bytes)   don't inline Throwable constructors
243  354   !   3       java.lang.ref.ReferenceQueue::poll (40 bytes)
                              @ 1   java.lang.ref.ReferenceQueue::headIsNull (13 bytes)   inline
                              @ 13   java.util.concurrent.locks.ReentrantLock::lock (8 bytes)   inline
                                @ 4   java.util.concurrent.locks.ReentrantLock$Sync::lock (13 bytes)   inline
                                  @ 1   java.util.concurrent.locks.ReentrantLock$Sync::initialTryLock (0 bytes)   no static binding
                                  @ 9   java.util.concurrent.locks.AbstractQueuedSynchronizer::acquire (20 bytes)   callee uses too much stack
                              @ 17   java.lang.ref.ReferenceQueue::poll0 (65 bytes)   callee is too large
                              @ 35   java.util.concurrent.locks.ReentrantLock::unlock (10 bytes)   inline
                                @ 5   java.util.concurrent.locks.AbstractQueuedSynchronizer::release (19 bytes)   inline
                                  @ 2   java.util.concurrent.locks.ReentrantLock$Sync::tryRelease (51 bytes)   callee is too large
                                  @ 12   java.util.concurrent.locks.AbstractQueuedSynchronizer::signalNext (34 bytes)   callee is too large
                              @ 25   java.util.concurrent.locks.ReentrantLock::unlock (10 bytes)   inline
                                @ 5   java.util.concurrent.locks.AbstractQueuedSynchronizer::release (19 bytes)   inline
                                  @ 2   java.util.concurrent.locks.ReentrantLock$Sync::tryRelease (51 bytes)   callee is too large
                                  @ 12   java.util.concurrent.locks.AbstractQueuedSynchronizer::signalNext (34 bytes)   callee is too large
244  355       3       java.util.ArrayList$Itr::hasNext (20 bytes)
245  356     n 0       java.lang.Class::getSuperclass (native)   
245  357       1       java.lang.reflect.Field::getModifiers (5 bytes)
245  359       3       jdk.internal.reflect.AccessorGenerator::sub (5 bytes)
245  360       3       jdk.internal.reflect.ClassFileAssembler::setStack (25 bytes)
245  358       1       java.io.ObjectStreamField::setOffset (6 bytes)
246  361       3       java.util.concurrent.locks.ReentrantLock$NonfairSync::initialTryLock (58 bytes)
                              @ 0   java.lang.Thread::currentThread (0 bytes)   intrinsic
                              @ 7   java.util.concurrent.locks.AbstractQueuedSynchronizer::compareAndSetState (13 bytes)   callee uses too much stack
                              @ 15   java.util.concurrent.locks.AbstractOwnableSynchronizer::setExclusiveOwnerThread (6 bytes)   inline
                              @ 21   java.util.concurrent.locks.AbstractOwnableSynchronizer::getExclusiveOwnerThread (5 bytes)   inline
                              @ 29   java.util.concurrent.locks.AbstractQueuedSynchronizer::getState (5 bytes)   inline
                              @ 45   java.lang.Error::<init> (6 bytes)   don't inline Throwable constructors
                              @ 51   java.util.concurrent.locks.AbstractQueuedSynchronizer::setState (6 bytes)   inline
247  362       3       java.util.concurrent.locks.AbstractQueuedSynchronizer::compareAndSetState (13 bytes)
                              @ 9   jdk.internal.misc.Unsafe::compareAndSetInt (0 bytes)   intrinsic
247  363       3       jdk.internal.misc.InternalLock::lock (8 bytes)
                              @ 4   java.util.concurrent.locks.ReentrantLock::lock (8 bytes)   inline
                                @ 4   java.util.concurrent.locks.ReentrantLock$Sync::lock (13 bytes)   inline
                                  @ 1   java.util.concurrent.locks.ReentrantLock$Sync::initialTryLock (0 bytes)   no static binding
                                  @ 9   java.util.concurrent.locks.AbstractQueuedSynchronizer::acquire (20 bytes)   callee uses too much stack
247  364       3       jdk.internal.misc.InternalLock::unlock (8 bytes)
                              @ 4   java.util.concurrent.locks.ReentrantLock::unlock (10 bytes)   inline
                                @ 5   java.util.concurrent.locks.AbstractQueuedSynchronizer::release (19 bytes)   inline
                                  @ 2   java.util.concurrent.locks.ReentrantLock$Sync::tryRelease (51 bytes)   callee is too large
                                  @ 12   java.util.concurrent.locks.AbstractQueuedSynchronizer::signalNext (34 bytes)   callee is too large
248  365       3       java.io.BufferedInputStream::getBufIfOpen (61 bytes)
                              @ 34   jdk.internal.misc.Unsafe::compareAndSetReference (0 bytes)   intrinsic
                              @ 55   java.io.IOException::<init> (6 bytes)   callee's klass not linked yet
248  366       3       java.io.BufferedInputStream::getBufIfOpen (6 bytes)
                              @ 2   java.io.BufferedInputStream::getBufIfOpen (61 bytes)   callee is too large
248  367       3       java.lang.ref.SoftReference::get (29 bytes)
                              @ 1   java.lang.ref.Reference::get (5 bytes)   intrinsic
248  368     n 0       java.lang.Class::isInstance (native)   
249  369       3       java.util.concurrent.locks.ReentrantLock$Sync::tryRelease (51 bytes)
                              @ 1   java.util.concurrent.locks.AbstractQueuedSynchronizer::getState (5 bytes)   inline
                              @ 8   java.util.concurrent.locks.AbstractOwnableSynchronizer::getExclusiveOwnerThread (5 bytes)   inline
                              @ 11   java.lang.Thread::currentThread (0 bytes)   intrinsic
                              @ 21   java.lang.IllegalMonitorStateException::<init> (5 bytes)   don't inline Throwable constructors
                              @ 41   java.util.concurrent.locks.AbstractOwnableSynchronizer::setExclusiveOwnerThread (6 bytes)   inline
                              @ 46   java.util.concurrent.locks.AbstractQueuedSynchronizer::setState (6 bytes)   inline
249  371       3       java.io.ObjectStreamClass::requireInitialized (19 bytes)
                              @ 14   java.lang.InternalError::<init> (6 bytes)   callee's klass not linked yet
249  370       3       java.util.concurrent.locks.AbstractQueuedSynchronizer::signalNext (34 bytes)
                              @ 22   java.util.concurrent.locks.AbstractQueuedSynchronizer$Node::getAndUnsetStatus (14 bytes)   callee uses too much stack
                              @ 30   java.util.concurrent.locks.LockSupport::unpark (26 bytes)   inline
                                @ 5   java.lang.Thread::isVirtual (5 bytes)   inline
                                @ 12  jdk/internal/misc/VirtualThreads::unpark (not loaded)   not inlineable
                                @ 22   jdk.internal.misc.Unsafe::unpark (0 bytes)   native method
250  372       3       jdk.internal.misc.VM::isBooted (13 bytes)
250  373       3       java.util.WeakHashMap::maskNull (12 bytes)
250  374       3       java.util.zip.ZipFile$Source::getEntryHash (7 bytes)
251  375       1       java.security.CodeSource::getLocationNoFragString (5 bytes)
252  376       3       jdk.internal.reflect.ClassFileAssembler::emitConstantPoolMethodref (28 bytes)
                              @ 3   jdk.internal.reflect.ClassFileAssembler::emitByte (11 bytes)   inline
                                @ 5   jdk.internal.reflect.ByteVectorImpl::add (38 bytes)   callee is too large
                              @ 8   jdk.internal.reflect.ClassFileAssembler::emitShort (24 bytes)   inline
                                @ 10   jdk.internal.reflect.ClassFileAssembler::emitByte (11 bytes)   inline
                                  @ 5   jdk.internal.reflect.ByteVectorImpl::add (38 bytes)   callee is too large
                                @ 20   jdk.internal.reflect.ClassFileAssembler::emitByte (11 bytes)   inline
                                  @ 5   jdk.internal.reflect.ByteVectorImpl::add (38 bytes)   callee is too large
                              @ 13   jdk.internal.reflect.ClassFileAssembler::emitShort (24 bytes)   inline
                                @ 10   jdk.internal.reflect.ClassFileAssembler::emitByte (11 bytes)   inline
                                  @ 5   jdk.internal.reflect.ByteVectorImpl::add (38 bytes)   callee is too large
                                @ 20   jdk.internal.reflect.ClassFileAssembler::emitByte (11 bytes)   inline
                                  @ 5   jdk.internal.reflect.ByteVectorImpl::add (38 bytes)   callee is too large
253  377     n 0       java.lang.ref.Reference::refersTo0 (native)   
286  378       3       java.io.ObjectInputStream$PeekInputStream::read (115 bytes)
               !              @ 20   java.io.InputStream::read (81 bytes)286  381       4       java.util.concurrent.ConcurrentHashMap::tabAt (22 bytes)
   no static binding
               !              @ 75   java.io.InputStream::read (81 bytes)   no static binding
287  380       3       java.util.concurrent.ConcurrentHashMap::setTabAt (20 bytes)
                              @ 16   jdk.internal.misc.Unsafe::putReferenceRelease (9 bytes)   callee uses too much stack
287   40       3       java.util.concurrent.ConcurrentHashMap::tabAt (22 bytes)   made not entrant
                              @ 15   jdk.internal.misc.Unsafe::getReferenceAcquire (7 bytes)   (intrinsic)
287  379   !   3       java.io.BufferedInputStream::read (69 bytes)
                              @ 11   jdk.internal.misc.InternalLock::lock (8 bytes)   inline
                                @ 4   java.util.concurrent.locks.ReentrantLock::lock (8 bytes)   inline
                                  @ 4   java.util.concurrent.locks.ReentrantLock$Sync::lock (13 bytes)   inline
                                    @ 1   java.util.concurrent.locks.ReentrantLock$Sync::initialTryLock (0 bytes)   no static binding
                                    @ 9   java.util.concurrent.locks.AbstractQueuedSynchronizer::acquire (20 bytes)   callee uses too much stack
                              @ 18   java.io.BufferedInputStream::implRead (112 bytes)   callee is too large
                              @ 39   jdk.internal.misc.InternalLock::unlock (8 bytes)   inline
                                @ 4   java.util.concurrent.locks.ReentrantLock::unlock (10 bytes)   inline
                                  @ 5   java.util.concurrent.locks.AbstractQueuedSynchronizer::release (19 bytes)   inline
                                    @ 2   java.util.concurrent.locks.ReentrantLock$Sync::tryRelease (51 bytes)   callee is too large
                                    @ 12   java.util.concurrent.locks.AbstractQueuedSynchronizer::signalNext (34 bytes)   callee is too large
                              @ 27   jdk.internal.misc.InternalLock::unlock (8 bytes)288  384     n 0       java.lang.Class::getModifiers (native)   
   inline
                                @ 4   java.util.concurrent.locks.ReentrantLock::unlock (10 bytes)   inline
                                  @ 5   java.util.concurrent.locks.AbstractQueuedSynchronizer::release (19 bytes)   inline
                                    @ 2   java.util.concurrent.locks.ReentrantLock$Sync::tryRelease (51 bytes)   callee is too large
                                    @ 12   java.util.concurrent.locks.AbstractQueuedSynchronizer::signalNext (34 bytes)   callee is too large
                              @ 54   java.io.BufferedInputStream::implRead (112 bytes)   callee is too large
289  382   !   3       jdk.internal.misc.Blocker::begin (97 bytes)
289  386     n 0       java.io.RandomAccessFile::seek0 (native)   
                              @ 0   jdk.internal.misc.VM::isBooted (13 bytes)   inline
                              @ 6   jdk.internal.misc.Blocker::currentCarrierThread (9 bytes)   inline
                                @ 3   java.lang.System$2::currentCarrierThread (4 bytes)   inline
                                  @ 0   java.lang.Thread::currentCarrierThread (0 bytes)   intrinsic
                              @ 23   jdk.internal.misc.CarrierThread::inBlocking (5 bytes)   no static binding
                              @ 30   jdk.internal.misc.CarrierThread::beginBlocking (6 bytes)   no static binding
                              @ 36   java.util.concurrent.ForkJoinWorkerThread::289  387       4       jdk.internal.reflect.ClassFileAssembler::emitByte (11 bytes)
getPool (5 bytes)   no static binding
                              @ 39  jdk/internal/misc/Blocker$ForkJoinPools::beginCompensatedBlock (not loaded)   not inlineable
                              @ 87   jdk.internal.misc.CarrierThread::endBlocking (6 bytes)   no static binding
290  383       3       jdk.internal.misc.Blocker::end (71 bytes)
                              @ 51   jdk.internal.misc.Blocker::currentCarrierThread (9 bytes)   inline
                                @ 3   java.lang.System$2::currentCarrierThread (4 bytes)   inline
                                  @ 0   java.lang.Thread::currentCarrierThread (0 bytes)   intrinsic
                              @ 59   java.util.concurrent.ForkJoinWorkerThread::getPool (5 bytes)   no static binding
                              @ 63  jdk/internal/misc/Blocker$ForkJoinPools::endCompensatedBlock (not loaded)   not inlineable
                              @ 67   jdk.internal.misc.CarrierThread::endBlocking (6 bytes)   no static binding
290  385       1       java.lang.invoke.MethodType::rtype (5 bytes)
290  389     n 0       java.lang.ClassLoader::findBootstrapClass (native)   (static)
291  388       1       java.io.File::getPath (5 bytes)
291  390       3       jdk.internal.reflect.ClassFileAssembler::emitConstantPoolClass (23 bytes)
                              @ 3   jdk.internal.reflect.ClassFileAssembler::emitByte (11 bytes)   inline
291  296       3       jdk.internal.reflect.ClassFileAssembler::emitByte (11 bytes)   made not entrant
                              @ 5   jdk.internal.reflect.ByteVectorImpl::add (38 bytes)   inline (hot)
                               \-> TypeProfile (21604/21604 counts) = jdk/internal/reflect/ByteVectorImpl
                                @ 24   jdk.internal.reflect.ByteVectorImpl::resize (44 bytes)   too big
                                @ 5   jdk.internal.reflect.ByteVectorImpl::add (38 bytes)   callee is too large
                              @ 8   jdk.internal.reflect.ClassFileAssembler::emitShort (24 bytes)   inline
                                @ 10   jdk.internal.reflect.ClassFileAssembler::emitByte (11 bytes)   inline
                                  @ 5   jdk.internal.reflect.ByteVectorImpl::add (38 bytes)   callee is too large
                                @ 20   jdk.internal.reflect.ClassFileAssembler::emitByte (11 bytes)   inline
                                  @ 5   jdk.internal.reflect.ByteVectorImpl::add (38 bytes)   callee is too large
291  391     n 0       java.lang.Throwable::fillInStackTrace (native)   
292  392       3       java.lang.PublicMethods$Key::matches (31 bytes)
                              @ 1   java.lang.reflect.Method::getName (5 bytes)   inline
                              @ 5   java.lang.String::equals (56 bytes)   callee is too large
                              @ 15   jdk.internal.reflect.ReflectionFactory::getExecutableSharedParameterTypes (11 bytes)   inline
                                @ 5   java.lang.reflect.ReflectAccess::getExecutableSharedParameterTypes (5 bytes)   inline
                                  @ 1   java.lang.reflect.Method::getSharedParameterTypes (5 bytes)   inline
                              @ 19   java.util.Arrays::equals (57 bytes)   callee is too large
293  397       3       java.io.BufferedInputStream::implRead (112 bytes)
                              @ 1   java.io.BufferedInputStream::ensureOpen (18 bytes)   inline
                                @ 13   java.io.IOException::<init> (6 bytes)   callee's klass not linked yet
293  398       4       java.lang.Math::min (11 bytes)
                              @ 25  java/lang/IndexOutOfBoundsException::<init> (not loaded)   not inlineable
                              @ 48   java.io.BufferedInputStream::read1 (121 bytes)   callee is too large
                              @ 100   java.io.InputStream::available (2 bytes)   no static binding
293   34       3       java.lang.Math::min (11 bytes)   made not entrant
293  400       3       java.io.ObjectInputStream$PeekInputStream::readFully (48 bytes)
                              @ 19   java.io.ObjectInputStream$PeekInputStream::read (115 bytes)   callee is too large
                              @ 33  java/io/EOFException::<init> (not loaded)   not inlineable
294  395       3       java.io.BufferedInputStream::ensureOpen (18 bytes)
                              @ 13   java.io.IOException::<init> (6 bytes)   callee's klass not linked yet
294  399   !   3       java.io.BufferedInputStream::read (54 bytes)
                              @ 11   jdk.internal.misc.InternalLock::lock (8 bytes)   inline
                                @ 4   java.util.concurrent.locks.ReentrantLock::lock (8 bytes)   inline
                                  @ 4   java.util.concurrent.locks.ReentrantLock$Sync::lock (13 bytes)   inline
                                    @ 1   java.util.concurrent.locks.ReentrantLock$Sync::initialTryLock (0 bytes)   no static binding
                                    @ 9   java.util.concurrent.locks.AbstractQueuedSynchronizer::acquire (20 bytes)   callee uses too much stack
                              @ 15   java.io.BufferedInputStream::implRead (49 bytes)   callee is too large
                              @ 33   jdk.internal.misc.InternalLock::unlock (8 bytes)   inline
                                @ 4   java.util.concurrent.locks.ReentrantLock::unlock (10 bytes)   inline
                                  @ 5   java.util.concurrent.locks.AbstractQueuedSynchronizer::release (19 bytes)   inline
                                    @ 2   java.util.concurrent.locks.ReentrantLock$Sync::tryRelease (51 bytes)   callee is too large
                                    @ 12   java.util.concurrent.locks.AbstractQueuedSynchronizer::signalNext (34 bytes)   callee is too large
                              @ 23   jdk.internal.misc.InternalLock::unlock (8 bytes)   inline
                                @ 4   java.util.concurrent.locks.ReentrantLock::unlock (10 bytes)   inline
                                  @ 5   java.util.concurrent.locks.AbstractQueuedSynchronizer::release (19 bytes)   inline
                                    @ 2   java.util.concurrent.locks.ReentrantLock$Sync::tryRelease (51 bytes)   callee is too large
                                    @ 12   java.util.concurrent.locks.AbstractQueuedSynchronizer::signalNext (34 bytes)   callee is too large
                              @ 43   java.io.BufferedInputStream::implRead (49 bytes)   callee is too large
295  405       4       jdk.internal.reflect.ByteVectorImpl::getLength (7 bytes)
295  339       3       jdk.internal.reflect.ByteVectorImpl::getLength (7 bytes)   made not entrant
295  396       3       java.io.BufferedInputStream::read1 (121 bytes)
                              @ 18   java.io.BufferedInputStream::getBufIfOpen (61 bytes)   callee is too large
                              @ 26   java.lang.Math::max (11 bytes)   inline
                              @ 46   java.io.BufferedInputStream::getInIfOpen (21 bytes)   inline
                                @ 15   java.io.IOException::<init> (6 bytes)   callee's klass not linked yet
               !              @ 52   java.io.InputStream::read (81 bytes)   no static binding
                              @ 57   java.io.BufferedInputStream::fill (204 bytes)   callee is too large
                              @ 93   java.io.BufferedInputStream::getBufIfOpen (6 bytes)   inline
                                @ 2   java.io.BufferedInputStream::getBufIfOpen (61 bytes)   callee is too large
                              @ 104   java.lang.System::arraycopy (0 bytes)   intrinsic
296  401       3       java.util.ArrayList::add (25 bytes)
                              @ 20   java.util.ArrayList::add (23 bytes)   inline
297  409       4       java.util.Objects::requireNonNull (14 bytes)
                                @ 7   java.util.ArrayList::grow (11 bytes)   inline
                                  @ 7   java.util.ArrayList::grow (60 bytes)   callee is too large
297   42       3       java.util.Objects::requireNonNull (14 bytes)   made not entrant
297  402       3       java.util.ArrayList::add (23 bytes)
                              @ 7   java.util.ArrayList::grow (11 bytes)   inline
                                @ 7   java.util.ArrayList::grow (60 bytes)   callee is too large
297  408       1       sun.invoke.util.Wrapper::basicTypeString (5 bytes)
297  393       3       java.lang.invoke.VarHandle::checkAccessModeThenIsDirect (29 bytes)
                              @ 12   java.lang.invoke.VarHandle::accessModeType (41 bytes)   force inline by annotation
                                @ 33   java.lang.invoke.VarHandle::accessModeTypeUncached (10 bytes)   inline
                                  @ 1   java.lang.invoke.VarHandle$AccessType::values (10 bytes)   inline
                                    @ 3   java.lang.Object::clone (0 bytes)   no static binding
                                  @ 6   java.lang.invoke.VarHandle::accessModeTypeUncached (0 bytes)   no static binding
                              @ 24   java.lang.invoke.VarHandle::throwWrongMethodTypeException (46 bytes)   don't inline by annotation
298  407       1       java.io.ObjectStreamField::getOffset (5 bytes)
298  410     n 0       jdk.internal.misc.Unsafe::objectFieldOffset0 (native)   
299  406       1       java.io.ObjectStreamField::isUnshared (5 bytes)
299  394       3       java.lang.invoke.VarForm::getMemberName (38 bytes)
                              @ 13   java.lang.invoke.VarForm::resolveMemberName (60 bytes)   don't inline by annotation
                              @ 26   java.lang.invoke.VarHandle$AccessMode::valueFromOrdinal (6 bytes)   inline
                              @ 29   java.lang.invoke.VarHandle$AccessMode::methodName (5 bytes)   inline
                              @ 32  java/lang/UnsupportedOperationException::<init> (not loaded)   not inlineable
299  411       3       java.util.HashMap::newNode (13 bytes)
                              @ 9   java.util.HashMap$Node::<init> (26 bytes)   inline
                                @ 1   java.lang.Object::<init> (1 bytes)   inline
299  412       3       java.util.HashMap::afterNodeInsertion (1 bytes)
299  413       3       java.lang.invoke.MethodHandle::<init> (37 bytes)
                              @ 1   java.lang.Object::<init> (1 bytes)   inline
                              @ 6   java.util.Objects::requireNonNull (14 bytes)   force inline by annotation
                                @ 8   java.lang.NullPointerException::<init> (5 bytes)   don't inline Throwable constructors
                              @ 17   java.util.Objects::requireNonNull (14 bytes)   force inline by annotation
                                @ 8   java.lang.NullPointerException::<init> (5 bytes)   don't inline Throwable constructors
                              @ 23   java.lang.invoke.LambdaForm::uncustomize (57 bytes)   callee is too large
                              @ 33   java.lang.invoke.LambdaForm::prepare (108 bytes)   callee is too large
300  404       1       jdk.internal.reflect.ClassFileAssembler::getStack (5 bytes)
300  403       1       java.net.URL::getHost (5 bytes)
301  414       3       java.lang.Class::reflectionData (43 bytes)
                              @ 15   java.lang.ref.SoftReference::get (29 bytes)   callee uses too much stack
                              @ 39   java.lang.Class::newReflectionData (66 bytes)   callee is too large
301  415       3       java.lang.Class::searchFields (43 bytes)
                              @ 22   java.lang.reflect.Field::getName (5 bytes)   inline
                              @ 26   java.lang.String::equals (56 bytes)   callee is too large
301  418       3       java.lang.Class::getReflectionFactory (28 bytes)
                              @ 14   jdk.internal.reflect.ReflectionFactory$GetReflectionFactoryAction::<init> (5 bytes)   inline
                                @ 1   java.lang.Object::<init> (1 bytes)   inline
                              @ 17   java.security.AccessController::doPrivileged (9 bytes)   inline
                                @ 2   jdk.internal.reflect.Reflection::getCallerClass (0 bytes)   native method
                                @ 5   java.security.AccessController::executePrivileged (65 bytes)   force inline by annotation
                                  @ 29   jdk.internal.reflect.ReflectionFactory$GetReflectionFactoryAction::run (5 bytes)   inline
                                    @ 1   jdk.internal.reflect.ReflectionFactory$GetReflectionFactoryAction::run (4 bytes)   inline
                                      @ 0   jdk.internal.reflect.ReflectionFactory::getReflectionFactory (19 bytes)   inline
                                        @ 0   java.lang.System::getSecurityManager (12 bytes)   inline
                                          @ 0   java.lang.System::allowSecurityManager (13 bytes)   inline
302  421     n 0       java.lang.System::identityHashCode (native)   (static)
                                  @ 56   java.lang.ref.Reference::reachabilityFence (1 bytes)   force inline by annotation
                                  @ 60   java.lang.ref.Reference::reachabilityFence (1 bytes)   force inline by annotation
302  416       3       java.lang.Throwable::<init> (34 bytes)
                              @ 1   java.lang.Object::<init> (1 bytes)   inline
              s               @ 24   java.lang.Throwable::fillInStackTrace (29 bytes)   no static binding
302  417  s    3       java.lang.Throwable::fillInStackTrace (29 bytes)
                              @ 16   java.lang.Throwable::fillInStackTrace (0 bytes)   native method
303  422   !   3       java.io.ObjectInputStream$BlockDataInputStream::readUTFSpan (502 bytes)
                              @ 21   java.lang.Math::min (11 bytes)   inline
303  425       4       java.lang.StringLatin1::canEncode (13 bytes)
                              @ 214  java/io/UTFDataFormatException::<init> (not loaded)   not inlineable
                              @ 312  java/io/UTFDataFormatException::<init> (not loaded)   not inlineable
                              @ 359  java/io/UTFDataFormatException::<init> (not loaded)   not inlineable
                              @ 437  java/io/UTFDataFormatException::<init> (not loaded)   not inlineable
                              @ 474  java/io/UTFDataFormatException::<init> (not loaded)   not inlineable
                              @ 489   java.lang.StringBuilder::append (10 bytes)   inline
                                @ 4   java.lang.AbstractStringBuilder::append (37 bytes)   callee is too large
                              @ 397  java/io/UTFDataFormatException::<init> (not loaded)   not inlineable
303  139       3       java.lang.StringLatin1::canEncode (13 bytes)   made not entrant
303  429       4       java.util.concurrent.locks.AbstractQueuedSynchronizer::compareAndSetState (13 bytes)
304  362       3       java.util.concurrent.locks.AbstractQueuedSynchronizer::compareAndSetState (13 bytes)   made not entrant
                              @ 9   jdk.internal.misc.Unsafe::compareAndSetInt (0 bytes)   (intrinsic)
304  426       3       java.io.ObjectInputStream$BlockDataInputStream::readByte (20 bytes)
                              @ 1   java.io.ObjectInputStream$BlockDataInputStream::read (62 bytes)   callee is too large
                              @ 13  java/io/EOFException::<init> (not loaded)   not inlineable
304  427       3       java.io.ObjectInputStream$BlockDataInputStream::read (62 bytes)
               !              @ 19   java.io.ObjectInputStream$BlockDataInputStream::refill (136 bytes)   callee is too large
                              @ 58   java.io.ObjectInputStream$PeekInputStream::read (47 bytes)   callee is too large
304  428       3       java.io.ObjectInputStream$PeekInputStream::read (47 bytes)
                              @ 23   java.io.InputStream::read (0 bytes)   no static binding
305  423       3       java.lang.invoke.VarHandleGuards::guard_LI_I (78 bytes)
                              @ 2   java.lang.invoke.VarHandle::checkAccessModeThenIsDirect (29 bytes)   force inline by annotation
                                @ 12   java.lang.invoke.VarHandle::accessModeType (41 bytes)   force inline by annotation
                                  @ 33   java.lang.invoke.VarHandle::accessModeTypeUncached (10 bytes)   inline
                                    @ 1   java.lang.invoke.VarHandle$AccessType::values (10 bytes)   inline
                                      @ 3   java.lang.Object::clone (0 bytes)   no static binding
                                    @ 6   java.lang.invoke.VarHandle::accessModeTypeUncached (0 bytes)   no static binding
                                @ 24   java.lang.invoke.VarHandle::throwWrongMethodTypeException (46 bytes)   don't inline by annotation
                              @ 42   java.lang.invoke.VarForm::getMemberName (38 bytes)   force inline by annotation
                                @ 13   java.lang.invoke.VarForm::resolveMemberName (60 bytes)   don't inline by annotation
                                @ 26   java.lang.invoke.VarHandle$AccessMode::valueFromOrdinal (6 bytes)   inline
                                @ 29   java.lang.invoke.VarHandle$AccessMode::methodName (5 bytes)   inline
                                @ 32  java/lang/UnsupportedOperationException::<init> (not loaded)   not inlineable
                              @ 45   java.lang.invoke.MethodHandle::linkToStatic(LLIL)I (0 bytes)   MemberName not constant
                              @ 54   java.lang.invoke.VarHandle::getMethodHandle (41 bytes)   force inline by annotation
                                @ 33   java.lang.invoke.VarHandle::getMethodHandleUncached (85 bytes)   callee is too large
                              @ 65   java.lang.invoke.MethodHandle::asType (32 bytes)   inline
                                @ 12   java.lang.invoke.MethodHandle::asTypeCached (52 bytes)   callee is too large
                                @ 25   java.lang.invoke.MethodHandle::asTypeUncached (54 bytes)   no static binding
                                @ 28   java.lang.invoke.MethodHandle::setAsTypeCache (33 bytes)   callee is too large
                              @ 69   java.lang.invoke.VarHandle::asDirect (2 bytes)   inline
306  437     n 0       java.lang.invoke.MethodHandle::invokeBasic(LLI)I (native)   
                              @ 74   java.lang.invoke.MethodHandle::invokeBasic(LLI)I (0 bytes)   receiver not constant
307  435       3       java.lang.StringLatin1::getChar (9 bytes)
307  433       3       java.lang.Class::descriptorString (170 bytes)
                              @ 1   java.lang.Class::isPrimitive (0 bytes)   intrinsic
                              @ 8   sun.invoke.util.Wrapper::forPrimitiveType (122 bytes)   callee is too large
                              @ 11   sun.invoke.util.Wrapper::basicTypeString (5 bytes)   inline
                              @ 16   java.lang.Class::isArray (0 bytes)   native method
                              @ 26   java.lang.StringBuilder::<init> (7 bytes)   inline
                                @ 3   java.lang.AbstractStringBuilder::<init> (39 bytes)   callee is too large
                              @ 32   java.lang.StringBuilder::append (8 bytes)   inline
                                @ 2   java.lang.AbstractStringBuilder::append (45 bytes)   callee is too large
                              @ 39   java.lang.Class::descriptorString (170 bytes)   callee is too large
                              @ 42   java.lang.StringBuilder::append (8 bytes)   inline
                                @ 2   java.lang.AbstractStringBuilder::append (45 bytes)   callee is too large
                              @ 45   java.lang.StringBuilder::toString (9 bytes)   inline
                                @ 5   java.lang.String::<init> (7 bytes)   inline
                                  @ 3   java.lang.String::<init> (98 bytes)   callee is too large
                              @ 50   java.lang.Class::isHidden (0 bytes)   native method
                              @ 57   java.lang.Class::getName (18 bytes)   inline
                                @ 14   java.lang.Class::initClassName (0 bytes)   native method
                              @ 64   java.lang.String::indexOf (7 bytes)   inline
                                @ 3   java.lang.String::indexOf (37 bytes)   callee is too large
                              @ 73   java.lang.String::length (11 bytes)   inline
                                @ 6   java.lang.String::coder (15 bytes)   inline
                              @ 78   java.lang.StringBuilder::<init> (6 bytes)   inline
                                @ 2   java.lang.AbstractStringBuilder::<init> (39 bytes)   callee is too large
                              @ 83   java.lang.StringBuilder::append (8 bytes)   inline
                                @ 2   java.lang.AbstractStringBuilder::append (77 bytes)   callee is too large
                              @ 89   java.lang.String::substring (58 bytes)   callee is too large
                              @ 96   java.lang.String::replace (42 bytes)   callee is too large
                              @ 99   java.lang.StringBuilder::append (8 bytes)   inline
                                @ 2   java.lang.AbstractStringBuilder::append (45 bytes)   callee is too large
                              @ 104   java.lang.StringBuilder::append (8 bytes)   inline
                                @ 2   java.lang.AbstractStringBuilder::append (77 bytes)   callee is too large
                              @ 112   java.lang.String::length (11 bytes)   inline
                                @ 6   java.lang.String::coder (15 bytes)   inline
                              @ 115   java.lang.StringBuilder::append (10 bytes)   inline
                                @ 4   java.lang.AbstractStringBuilder::append (67 bytes)   callee is too large
                              @ 120   java.lang.StringBuilder::append (8 bytes)   inline
                                @ 2   java.lang.AbstractStringBuilder::append (77 bytes)   callee is too large
                              @ 123   java.lang.StringBuilder::toString (9 bytes)   inline
                                @ 5   java.lang.String::<init> (7 bytes)   inline
                                  @ 3   java.lang.String::<init> (98 bytes)   callee is too large
                              @ 128   java.lang.Class::getName (18 bytes)   inline
                                @ 14   java.lang.Class::initClassName (0 bytes)   native method
                              @ 135   java.lang.String::replace (42 bytes)   callee is too large
                              @ 144   java.lang.String::length (11 bytes)   inline
                                @ 6   java.lang.String::coder (15 bytes)   inline
                              @ 149   java.lang.StringBuilder::<init> (6 bytes)   inline
                                @ 2   java.lang.AbstractStringBuilder::<init> (39 bytes)   callee is too large
                              @ 154   java.lang.StringBuilder::append (8 bytes)   inline
                                @ 2   java.lang.AbstractStringBuilder::append (77 bytes)   callee is too large
                              @ 158   java.lang.StringBuilder::append (8 bytes)   inline
                                @ 2   java.lang.AbstractStringBuilder::append (45 bytes)   callee is too large
                              @ 163   java.lang.StringBuilder::append (8 bytes)   inline
                                @ 2   java.lang.AbstractStringBuilder::append (77 bytes)   callee is too large
                              @ 166   java.lang.StringBuilder::toString (9 bytes)   inline
309  438   !   4       jdk.internal.reflect.UTF8::encode (191 bytes)
                                @ 5   java.lang.String::<init> (7 bytes)   inline
                                  @ 3   java.lang.String::<init> (98 bytes)   callee is too large
309  424       3       java.lang.Math::min (12 bytes)
310  434       3       java.io.ObjectStreamField::<init> (64 bytes)
                              @ 1   java.lang.Object::<init> (1 bytes)   inline
                              @ 16   java.lang.reflect.Field::getName (5 bytes)   inline
                              @ 23   java.lang.reflect.Field::getType (5 bytes)   inline
                              @ 35   java.lang.Class::isPrimitive (0 bytes)   intrinsic
                              @ 54   java.lang.Class::descriptorString (170 bytes)   callee is too large
                              @ 57   java.lang.String::intern (0 bytes)   native method
310  430       3       java.io.BufferedInputStream::implRead (49 bytes)
                              @ 12   java.io.BufferedInputStream::fill (204 bytes)   callee is too large
                              @ 29   java.io.BufferedInputStream::getBufIfOpen (6 bytes)   inline
                                @ 2   java.io.BufferedInputStream::getBufIfOpen (61 bytes)   callee is too large
310  420       3       jdk.internal.reflect.ClassFileAssembler::emitConstantPoolNameAndType (28 bytes)
                              @ 3   jdk.internal.reflect.ClassFileAssembler::emitByte (11 bytes)   inline
                                @ 5   jdk.internal.reflect.ByteVectorImpl::add (38 bytes)   callee is too large
                              @ 8   jdk.internal.reflect.ClassFileAssembler::emitShort (24 bytes)   inline
                                @ 10   jdk.internal.reflect.ClassFileAssembler::emitByte (11 bytes)   inline
                                  @ 5   jdk.internal.reflect.ByteVectorImpl::add (38 bytes)   callee is too large
                                @ 20   jdk.internal.reflect.ClassFileAssembler::emitByte (11 bytes)   inline
                                  @ 5   jdk.internal.reflect.ByteVectorImpl::add (38 bytes)   callee is too large
                              @ 13   jdk.internal.reflect.ClassFileAssembler::emitShort (24 bytes)   inline
                                @ 10   jdk.internal.reflect.ClassFileAssembler::emitByte (11 bytes)   inline
                                  @ 5   jdk.internal.reflect.ByteVectorImpl::add (38 bytes)   callee is too large
                                @ 20   jdk.internal.reflect.ClassFileAssembler::311  441     n 0       jdk.internal.misc.Unsafe::putBoolean (native)   
emitByte (11 bytes)   inline
                                  @ 5   jdk.internal.reflect.ByteVectorImpl::add (38 bytes)   callee is too large
311  432       3       java.lang.reflect.AccessibleObject::<init> (5 bytes)
                              @ 1   java.lang.Object::<init> (1 bytes)   inline
311  419       1       java.lang.reflect.Constructor::getModifiers (5 bytes)
311  436       1       java.lang.invoke.MethodHandleImpl::isCompileConstant (2 bytes)
311  431       1       java.util.jar.Attributes$Name::hashCode (5 bytes)
312  442     n 0       jdk.internal.misc.Unsafe::shouldBeInitialized0 (native)   
313  443       3       java.lang.invoke.DirectMethodHandle::<init> (148 bytes)
                              @ 3   java.lang.invoke.MethodHandle::<init> (37 bytes)   callee is too large
                              @ 7   java.lang.invoke.MemberName::isResolved (13 bytes)   inline
                              @ 17   java.lang.InternalError::<init> (5 bytes)   callee's klass not linked yet
                              @ 22   java.lang.invoke.MemberName::getDeclaringClass (5 bytes)   inline
                              @ 25   java.lang.Class::isInterface (0 bytes)   native method
                              @ 32   java.lang.invoke.MemberName::getReferenceKind (12 bytes)   inline
                              @ 41   java.lang.invoke.MemberName::isMethod (8 bytes)   inline
                                @ 4   java.lang.invoke.MemberName::allFlagsSet (16 bytes)   inline
                              @ 48   java.lang.invoke.MemberName::isAbstract (8 bytes)   inline
                                @ 4   java.lang.reflect.Modifier::isAbstract (14 bytes)   inline
                              @ 61   java.lang.invoke.MemberName::getName (25 bytes)   inline
                                @ 8   java.lang.invoke.MemberName::expandFromVM (21 bytes)   inline
                                  @ 9   java.lang.invoke.MemberName::isResolved (13 bytes)   inline
                                  @ 17   java.lang.invoke.MethodHandleNatives::expand (0 bytes)   native method
               !m             @ 65   java.lang.invoke.MemberName::getMethodType (211 bytes)   callee is too large
                              @ 69   java.lang.invoke.MemberName::getReferenceKind (12 bytes)   inline
                              @ 72   java.lang.invoke.MemberName::<init> (50 bytes)   callee is too large
                              @ 77   java.lang.invoke.MemberName::getFactory (4 bytes)   inline
                              @ 82   java.lang.invoke.MemberName::getReferenceKind (12 bytes)   inline
                              @ 89   java.lang.invoke.MemberName$Factory::resolveOrNull (54 bytes)   callee is too large
                              @ 101   java.lang.invoke.MemberName::isPublic (8 bytes)   inline
                                @ 4   java.lang.reflect.Modifier::isPublic (12 bytes)   inline
314  444       3       java.lang.Class::searchMethods (104 bytes)
                              @ 0   java.lang.Class::getReflectionFactory (28 bytes)   inline
                                @ 14   jdk.internal.reflect.ReflectionFactory$GetReflectionFactoryAction::<init> (5 bytes)   inline
                                  @ 1   java.lang.Object::<init> (1 bytes)   inline
                                @ 17   java.security.AccessController::doPrivileged (9 bytes)   inline
                                  @ 2   jdk.internal.reflect.Reflection::getCallerClass (0 bytes)   native method
                                  @ 5   java.security.AccessController::executePrivileged (65 bytes)   force inline by annotation
                                    @ 29   jdk.internal.reflect.ReflectionFactory$GetReflectionFactoryAction::run (5 bytes)   inline
                                      @ 1   jdk.internal.reflect.ReflectionFactory$GetReflectionFactoryAction::run (4 bytes)   inline
                                        @ 0   jdk.internal.reflect.ReflectionFactory::getReflectionFactory (19 bytes)   callee is too large
                                    @ 56   java.lang.ref.Reference::reachabilityFence (1 bytes)   force inline by annotation
                                    @ 60   java.lang.ref.Reference::reachabilityFence (1 bytes)   force inline by annotation
                              @ 34   java.lang.reflect.Method::getName (5 bytes)   inline
                              @ 38   java.lang.String::equals (56 bytes)   callee is too large
                              @ 48   jdk.internal.reflect.ReflectionFactory::getExecutableSharedParameterTypes (11 bytes)   inline
                                @ 5   java.lang.reflect.ReflectAccess::getExecutableSharedParameterTypes (5 bytes)   inline
315  451     n 0       java.util.zip.Inflater::inflateBytesBytes (native)   
                                  @ 1   java.lang.reflect.Method::getSharedParameterTypes (5 bytes)   inline
                              @ 51   java.lang.Class::arrayContentsEq (70 bytes)   callee is too large
                              @ 64   java.lang.reflect.Method::getReturnType (5 bytes)   inline
                              @ 69   java.lang.reflect.Method::getReturnType (5 bytes)   inline
                              @ 77   java.lang.reflect.Method::getReturnType (5 bytes)   inline
                              @ 82   java.lang.reflect.Method::getReturnType (5 bytes)   inline
                              @ 85   java.lang.Class::isAssignableFrom (0 bytes)   native method
316  447       3       java.util.HashMap::getNode (150 bytes)
                              @ 23   java.util.HashMap::hash (20 bytes)   inline
                                @ 9   java.lang.Object::hashCode (0 bytes)   no static binding
                              @ 63   java.lang.Object::equals (11 bytes)   no static binding
                              @ 95   java.util.HashMap$TreeNode::getTreeNode (22 bytes)   callee's klass not linked yet
                              @ 128   java.lang.Object::equals (11 bytes)   no static binding
317  448       3       jdk.internal.util.ByteArray::getBoolean (12 bytes)
317  450       3       jdk.internal.util.ReferencedKeyMap::internKey (57 bytes)
                              @ 2   jdk.internal.util.ReferencedKeyMap::entryKey (33 bytes)   inline
                                @ 16  jdk/internal/util/SoftReferenceKey::<init> (not loaded)   not inlineable
                                @ 29   jdk.internal.util.WeakReferenceKey::<init> (15 bytes)   inline
                                  @ 3   java.lang.ref.WeakReference::<init> (7 bytes)   inline
                                    @ 3   java.lang.ref.Reference::<init> (25 bytes)   callee is too large
                                  @ 8   java.util.Objects::hashCode (13 bytes)   inline
                                    @ 5   java.lang.Object::hashCode (0 bytes)   no static binding
                              @ 7   jdk.internal.util.ReferencedKeyMap::removeStaleReferences (30 bytes)   inline
               !                @ 4   java.lang.ref.ReferenceQueue::poll (40 bytes)   no static binding
                                @ 20   java.util.Map::remove (0 bytes)   no static binding
                              @ 16   java.util.Map::putIfAbsent (23 bytes)   no static binding
                              @ 35   jdk.internal.util.ReferenceKey::get (0 bytes)   no static binding
                              @ 46   jdk.internal.util.ReferenceKey::unused (0 bytes)   no static binding
318  445       1       java.io.ObjectInputStream$BlockDataInputStream::getBlockDataMode (5 bytes)
318  452       3       java.lang.StringConcatHelper::prepend (37 bytes)
                              @ 2   java.lang.String::length (11 bytes)   inline
                                @ 6   java.lang.String::coder (15 bytes)   inline
                              @ 21   java.lang.String::getBytes (44 bytes)   callee is too large
                              @ 32   java.lang.String::getBytes (44 bytes)   callee is too large
318  453       3       java.lang.StringConcatHelper::stringOf (20 bytes)
                              @ 5   java.lang.Object::toString (36 bytes)   no static binding
318  449       3       jdk.internal.util.ReferencedKeyMap::existingKey (32 bytes)
                              @ 1   jdk.internal.util.ReferencedKeyMap::removeStaleReferences (30 bytes)   inline
               !                @ 4   java.lang.ref.ReferenceQueue::poll (40 bytes)   no static binding
                                @ 20   java.util.Map::remove (0 bytes)   no static binding
                              @ 7   jdk.internal.util.ReferencedKeyMap::lookupKey (9 bytes)   inline
                                @ 5   jdk.internal.util.StrongReferenceKey::<init> (10 bytes)   inline
                                  @ 1   java.lang.Object::<init> (1 bytes)   inline
                              @ 10   jdk.internal.util.ReferencedKeyMap::get (10 bytes)   inline
                                @ 1   jdk.internal.util.ReferencedKeyMap::removeStaleReferences (30 bytes)   inline
               !                  @ 4   java.lang.ref.ReferenceQueue::poll (40 bytes)   no static binding
                                  @ 20   java.util.Map::remove (0 bytes)   no static binding
                                @ 6   jdk.internal.util.ReferencedKeyMap::getNoCheckStale (22 bytes)   inline
                                  @ 3   java.util.Objects::requireNonNull (15 bytes)   force inline by annotation
                                  @ 13   jdk.internal.util.ReferencedKeyMap::lookupKey (9 bytes)   inline
                                    @ 5   jdk.internal.util.StrongReferenceKey::<init> (10 bytes)   inline
                                      @ 1   java.lang.Object::<init> (1 bytes)   inline
                                  @ 16   java.util.Map::get (0 bytes)   no static binding
                              @ 22   jdk.internal.util.ReferenceKey::get (0 bytes)   no static binding
320  455       1       java.net.URL::getAuthority (5 bytes)
320  456       1       java.net.URL::getPath (5 bytes)
320  457       1       java.net.URL::getQuery (5 bytes)
320  446       1       java.lang.ClassValue$ClassValueMap::getCache (5 bytes)
320  459       1       jdk.internal.loader.URLClassPath$Loader::getBaseURL (5 bytes)
320  460       1       java.security.CodeSource::getLocation (5 bytes)
320  454       1       java.net.URL::getPort (5 bytes)
320  458       1       java.net.URL::getRef (5 bytes)
320  461  s!   3       jdk.internal.loader.URLClassPath::getLoader (194 bytes)
                              @ 13   java.util.ArrayList::size (5 bytes)   inline
                              @ 33   java.util.ArrayDeque::pollFirst (36 bytes)   callee is too large
                              @ 61   sun.net.util.URLUtil::urlNoFragString (143 bytes)   callee is too large
                              @ 70   java.util.HashMap::containsKey (14 bytes)   inline
                                @ 2   java.util.HashMap::getNode (150 bytes)   callee is too large
               !              @ 81   jdk.internal.loader.URLClassPath::getLoader (29 bytes)   callee uses too much stack
                              @ 88   jdk.internal.loader.URLClassPath$Loader::getClassPath (2 bytes)   no static binding
               !m             @ 101   jdk.internal.loader.URLClassPath::push (45 bytes)   callee is too large
                              @ 164   java.util.ArrayList::add (25 bytes)   inline
                                @ 20   java.util.ArrayList::add (23 bytes)   inline
                                  @ 7   java.util.ArrayList::grow (11 bytes)   inline
                                    @ 7   java.util.ArrayList::grow (60 bytes)   callee is too large
                              @ 175   java.util.HashMap::put (13 bytes)   callee uses too much stack
                              @ 187   java.util.ArrayList::get (15 bytes)   inline
                                @ 5   java.util.Objects::checkIndex (7 bytes)   force inline by annotation
                                  @ 3   jdk.internal.util.Preconditions::checkIndex (18 bytes)   intrinsic
                                @ 11   java.util.ArrayList::elementData (7 bytes)   inline
322  464       3       sun.net.www.ParseUtil::firstEncodeIndex (86 bytes)
                              @ 1   java.lang.String::length (11 bytes)   inline
                                @ 6   java.lang.String::coder (15 bytes)   inline
                              @ 14   java.lang.String::charAt (25 bytes)   inline
                                @ 1   java.lang.String::isLatin1 (19 bytes)   inline
                                @ 12   java.lang.StringLatin1::charAt (15 bytes)   inline
                                  @ 3   java.lang.String::checkIndex (10 bytes)   inline
                                    @ 5   jdk.internal.util.Preconditions::checkIndex (18 bytes)   intrinsic
                                @ 21   java.lang.StringUTF16::charAt (11 bytes)   inline
                                  @ 2   java.lang.StringUTF16::checkIndex (9 bytes)   inline
                                    @ 2   java.lang.StringUTF16::length (5 bytes)   inline
                                    @ 5   java.lang.String::checkIndex (10 bytes)   inline
                                      @ 5   jdk.internal.util.Preconditions::checkIndex (18 bytes)   intrinsic
                                  @ 7   java.lang.StringUTF16::getChar (60 bytes)   intrinsic
                              @ 70   sun.net.www.ParseUtil::match (50 bytes)   callee is too large
324  465       3       java.lang.StringConcatHelper::newArray (40 bytes)
                              @ 22   java.lang.OutOfMemoryError::<init> (6 bytes)   don't inline Throwable constructors
                              @ 33   jdk.internal.misc.Unsafe::allocateUninitializedArray (55 bytes)   callee is too large
324  462   !   3       java.util.jar.JarFile::checkForSpecialAttributes (163 bytes)
                              @ 23   java.util.jar.JarFile::getManEntry (39 bytes)   callee is too large
               !              @ 33   java.util.jar.JarFile::getBytes (218 bytes)   callee is too large
                              @ 49   java.util.jar.JarFile::match (132 bytes)   callee is too large
                              @ 81   java.util.jar.JarFile::match (132 bytes)   callee is too large
                              @ 103   java.util.jar.Attributes::<init> (7 bytes)   inline
                                @ 3   java.util.jar.Attributes::<init> (13 bytes)   inline
                                  @ 1   java.lang.Object::<init> (1 bytes)   inline
                                  @ 6   java.util.LinkedHashMap::newLinkedHashMap (43 bytes)   callee is too large
                              @ 119   java.io.ByteArrayInputStream::<init> (26 bytes)   callee's klass not linked yet
                              @ 122   java.util.jar.Manifest$FastInputStream::<init> (9 bytes)   inline
                                @ 5   java.util.jar.Manifest$FastInputStream::<init> (23 bytes)   inline
                                  @ 2   java.io.FilterInputStream::<init> (10 bytes)   inline
                                    @ 1   java.io.InputStream::<init> (5 bytes)   inline
                                      @ 1   java.lang.Object::<init> (1 bytes)   inline
                              @ 127   java.util.jar.Attributes::read (10 bytes)   callee uses too much stack
                              @ 136   java.util.jar.Attributes::getValue (9 bytes)   inline
                                @ 2   java.util.jar.Attributes::get (11 bytes)   inline
                                  @ 5   java.util.Map::get (0 bytes)   no static binding
                              @ 139   java.lang.Boolean::parseBoolean (7 bytes)   inline
                                @ 3   java.lang.String::equalsIgnoreCase (45 bytes)   callee is too large
326  466       3       java.util.zip.ZipFile$Source::getEntryNext (9 bytes)
326  467       1       java.lang.NamedPackage::module (5 bytes)
326  338   !   3       jdk.internal.reflect.UTF8::encode (191 bytes)   made not entrant
                              @ 1   java.lang.String::length (11 bytes)   inline (hot)
                                @ 6   java.lang.String::coder (15 bytes)   inline (hot)
                              @ 6   jdk.internal.reflect.UTF8::utf8Length (81 bytes)   inline (hot)
                                @ 1   java.lang.String::length (11 bytes)   inline (hot)
                                  @ 6   java.lang.String::coder (15 bytes)   inline (hot)
                                @ 16   java.lang.String::charAt (25 bytes)   inline (hot)
                                  @ 1   java.lang.String::isLatin1 (19 bytes)   inline (hot)
                                  @ 12   java.lang.StringLatin1::charAt (15 bytes)   inline (hot)
                                    @ 3   java.lang.String::checkIndex (10 bytes)   inline (hot)
                                      @ 5   jdk.internal.util.Preconditions::checkIndex (18 bytes)   (intrinsic)
                              @ 26   java.lang.String::charAt (25 bytes)   inline (hot)
                                @ 1   java.lang.String::isLatin1 (19 bytes)   inline (hot)
                                @ 12   java.lang.StringLatin1::charAt (15 bytes)   inline (hot)
                                  @ 3   java.lang.String::checkIndex (10 bytes)   inline (hot)
                                    @ 5   jdk.internal.util.Preconditions::checkIndex (18 bytes)   (intrinsic)
327  463       4       java.lang.StringCoding::countPositives (33 bytes)
327  468       3       java.util.zip.Inflater::ensureOpen (47 bytes)
                              @ 28   java.util.zip.Inflater$InflaterZStreamRef::address (5 bytes)   inline
                              @ 42   java.lang.NullPointerException::<init> (6 bytes)   don't inline Throwable constructors
327  469       3       java.util.Arrays::rangeCheck (74 bytes)
                              @ 13   java.lang.StringBuilder::<init> (7 bytes)   inline
                                @ 3   java.lang.AbstractStringBuilder::<init> (39 bytes)   callee is too large
                              @ 18   java.lang.StringBuilder::append (8 bytes)   inline
                                @ 2   java.lang.AbstractStringBuilder::append (45 bytes)   callee is too large
                              @ 22   java.lang.StringBuilder::append (8 bytes)   inline
                                @ 2   java.lang.AbstractStringBuilder::append (55 bytes)   callee is too large
                              @ 27   java.lang.StringBuilder::append (8 bytes)   inline
                                @ 2   java.lang.AbstractStringBuilder::append (45 bytes)   callee is too large
                              @ 31   java.lang.StringBuilder::append (8 bytes)   inline
                                @ 2   java.lang.AbstractStringBuilder::append (55 bytes)   callee is too large
                              @ 36   java.lang.StringBuilder::append (8 bytes)   inline
                                @ 2   java.lang.AbstractStringBuilder::append (45 bytes)   callee is too large
                              @ 39   java.lang.StringBuilder::toString (9 bytes)   inline
                                @ 5   java.lang.String::<init> (7 bytes)   inline
                                  @ 3   java.lang.String::<init> (98 bytes)   callee is too large
                              @ 42   java.lang.IllegalArgumentException::<init> (6 bytes)   don't inline Throwable constructors
                              @ 55  java/lang/ArrayIndexOutOfBoundsException::<init> (not loaded)   not inlineable
                              @ 69  java/lang/ArrayIndexOutOfBoundsException::<init> (not loaded)   not inlineable
328  470       3       java.util.WeakHashMap::hash (28 bytes)
                              @ 1   java.lang.Object::hashCode (0 bytes)   no static binding
329  471       3       java.util.WeakHashMap::getTable (9 bytes)
               !m             @ 1   java.util.WeakHashMap::expungeStaleEntries (139 bytes)   callee is too large
329  472   !   3       java.util.WeakHashMap::expungeStaleEntries (139 bytes)
               !              @ 4   java.lang.ref.ReferenceQueue::poll (40 bytes)   no static binding
                              @ 33   java.util.WeakHashMap::indexFor (6 bytes)   inline
329  473       3       java.util.WeakHashMap::indexFor (6 bytes)
329   11       3       java.lang.StringCoding::countPositives (33 bytes)   made not entrant
329  439       4       jdk.internal.reflect.ClassFileAssembler::emitConstantPoolUTF8 (50 bytes)
329  474   !   3       jdk.internal.loader.URLClassPath$JarLoader::ensureOpen (36 bytes)
                              @ 12   jdk.internal.loader.URLClassPath$JarLoader$1::<init> (10 bytes)   inline
                                @ 6   java.lang.Object::<init> (1 bytes)   inline
               !              @ 19   java.security.AccessController::doPrivileged (26 bytes)   callee uses too much stack
                              @ 28  java/security/PrivilegedActionException::getException (not loaded)   not inlineable
330  476       3       java.util.zip.ZipFile$Source::getEntryPos (164 bytes)
                              @ 10   java.util.zip.ZipCoder::hash (36 bytes)   callee is too large
                              @ 42   java.util.zip.ZipFile$Source::getEntryHash (7 bytes)   inline
                              @ 52   java.util.zip.ZipFile$Source::getEntryPos (9 bytes)   inline
                              @ 70   java.util.zip.ZipUtils::CENNAM (9 bytes)   inline
                                @ 5   java.util.zip.ZipUtils::SH (21 bytes)   inline
                              @ 78   java.util.zip.ZipFile$Source::zipCoderForPos (39 bytes)   callee is too large
                              @ 98   java.util.zip.ZipCoder::compare (72 bytes)   no static binding
                              @ 101   java.lang.Enum::ordinal (5 bytes)   inline
                              @ 145   java.util.zip.ZipFile$Source::getEntryNext (9 bytes)   inline
331  477       3       java.lang.CharacterDataLatin1::equalsIgnoreCase (63 bytes)
331  478       3       sun.net.util.IPAddressUtil::earlyURLParsing (12 bytes)
331  475   !   3       jdk.internal.loader.BuiltinClassLoader::loadClassOrNull (143 bytes)
                              @ 2   java.lang.ClassLoader::getClassLoadingLock (35 bytes)   callee uses too much stack
                              @ 10   java.lang.ClassLoader::findLoadedClass (15 bytes)   inline
                                @ 1   java.lang.ClassLoader::checkName (37 bytes)   callee is too large
                                @ 11   java.lang.ClassLoader::findLoadedClass0 (0 bytes)   native method
                              @ 22   jdk.internal.loader.BuiltinClassLoader::findLoadedModule (33 bytes)   callee uses too much stack
                              @ 34   jdk.internal.loader.BuiltinClassLoader$LoadedModule::loader (5 bytes)   inline
                              @ 45   jdk.internal.misc.VM::isModuleSystemInited (13 bytes)   inline
                              @ 55   jdk.internal.loader.BuiltinClassLoader::findClassInModuleOrNull (30 bytes)   inline
                                @ 0   java.lang.System::getSecurityManager (12 bytes)   inline
                                  @ 0   java.lang.System::allowSecurityManager (13 bytes)   inline
               !                @ 9   jdk.internal.loader.BuiltinClassLoader::defineClass (162 bytes)   callee is too large
                              @ 66   jdk.internal.loader.BuiltinClassLoader::loadClassOrNull (7 bytes)   inline
               !m               @ 3   jdk.internal.loader.BuiltinClassLoader::loadClassOrNull (143 bytes)   no static binding
                              @ 86   jdk.internal.loader.BuiltinClassLoader::loadClassOrNull (7 bytes)   inline
               !m               @ 3   jdk.internal.loader.BuiltinClassLoader::loadClassOrNull (143 bytes)   no static binding
                              @ 97   jdk.internal.loader.BuiltinClassLoader::hasClassPath (13 bytes)   inline
                              @ 103   jdk.internal.misc.VM::isModuleSystemInited (13 bytes)   inline
               !              @ 111   jdk.internal.loader.BuiltinClassLoader::findClassOnClassPathOrNull (64 bytes)   callee is too large
                              @ 128   java.lang.ClassLoader::resolveClass (13 bytes)   inline
                                @ 8   java.lang.NullPointerException::<init> (5 bytes)   don't inline Throwable constructors
333  481       3       java.lang.StringLatin1::regionMatchesCI (45 bytes)
                              @ 32   java.lang.CharacterDataLatin1::equalsIgnoreCase (63 bytes)   callee is too large
333  482       3       java.util.zip.ZipFile::ensureOpen (40 bytes)
                              @ 14   java.lang.IllegalStateException::<init> (6 bytes)   callee's klass not linked yet
                              @ 35   java.lang.IllegalStateException::<init> (6 bytes)   callee's klass not linked yet
333  483     n 0       java.lang.ClassLoader::defineClass1 (native)   (static)
334  480       3       java.lang.String::regionMatches (150 bytes)
                              @ 11   java.lang.String::regionMatches (183 bytes)   callee is too large
                              @ 27   java.lang.String::length (11 bytes)   inline
                                @ 6   java.lang.String::coder (15 bytes)   inline
                              @ 43   java.lang.String::length (11 bytes)   inline
                                @ 6   java.lang.String::coder (15 bytes)   inline
                              @ 70   java.lang.String::coder (15 bytes)   inline
                              @ 78   java.lang.String::coder (15 bytes)   inline
                              @ 98   java.lang.StringLatin1::regionMatchesCI (45 bytes)   callee is too large
                              @ 113   java.lang.StringUTF16::regionMatchesCI (20 bytes)   callee uses too much stack
                              @ 131   java.lang.StringLatin1::regionMatchesCI_UTF16 (93 bytes)   callee is too large
                              @ 146   java.lang.StringUTF16::regionMatchesCI_Latin1 (10 bytes)   callee uses too much stack
335  485   !   3       java.util.jar.JarFile::isMultiRelease (33 bytes)
               !m             @ 16   java.util.jar.JarFile::checkForSpecialAttributes (163 bytes)   callee is too large
335  486       3       jdk.internal.ref.CleanerImpl::getCleanerImpl (13 bytes)
                              @ 4   java.util.function.Function::apply (0 bytes)   no static binding
336  487       3       java.lang.ref.Cleaner$1::apply (9 bytes)
                              @ 5   java.lang.ref.Cleaner$1::apply (5 bytes)   inline
336  488     n 0       java.io.UnixFileSystem::getBooleanAttributes0 (native)   
337  489       3       java.lang.String::endsWith (15 bytes)
                              @ 3   java.lang.String::length (11 bytes)   inline
                                @ 6   java.lang.String::coder (15 bytes)   inline
                              @ 7   java.lang.String::length (11 bytes)   inline
                                @ 6   java.lang.String::coder (15 bytes)   inline
                              @ 11   java.lang.String::startsWith (123 bytes)   callee is too large
337  490       3       java.util.HashMap::get (19 bytes)
                              @ 2   java.util.HashMap::getNode (150 bytes)   callee is too large
337  491       3       java.io.RandomAccessFile::read (8 bytes)
               !              @ 4   java.io.RandomAccessFile::readBytes (32 bytes)   callee uses too much stack
338  492       3       java.lang.String::indexOf (64 bytes)
                              @ 1   java.lang.String::coder (15 bytes)   inline
                              @ 7   java.lang.String::coder (15 bytes)   inline
                              @ 14   java.lang.String::isLatin1 (19 bytes)   inline
                              @ 28   java.lang.StringLatin1::indexOf (25 bytes)   callee uses too much stack
                              @ 42   java.lang.StringUTF16::indexOf (31 bytes)   callee uses too much stack
                              @ 60   java.lang.StringUTF16::indexOfLatin1 (31 bytes)   callee uses too much stack
338  493       3       java.lang.StringLatin1::indexOf (25 bytes)
                              @ 21   java.lang.StringLatin1::indexOf (121 bytes)   callee is too large
338  494       3       java.util.Objects::checkFromIndexSize (8 bytes)
                              @ 4   jdk.internal.util.Preconditions::checkFromIndexSize (25 bytes)   inline
                                @ 19   jdk.internal.util.Preconditions::outOfBoundsCheckFromIndexSize (32 bytes)   callee is too large
341  495       1       java.net.URL::getUserInfo (5 bytes)
341  496       1       java.lang.String::value (5 bytes)
342  497   !   3       java.util.zip.InflaterInputStream::read (129 bytes)
                              @ 1   java.util.zip.InflaterInputStream::ensureOpen (18 bytes)   inline
                                @ 13   java.io.IOException::<init> (6 bytes)   callee's klass not linked yet
                              @ 12   java.lang.NullPointerException::<init> (5 bytes)   don't inline Throwable constructors
                              @ 20   java.util.Objects::checkFromIndexSize (8 bytes)   inline
                                @ 4   jdk.internal.util.Preconditions::checkFromIndexSize (25 bytes)   inline
                                  @ 19   jdk.internal.util.Preconditions::outOfBoundsCheckFromIndexSize (32 bytes)   callee is too large
               !m             @ 34   java.util.zip.Inflater::finished (19 bytes)   inline
               !m             @ 44   java.util.zip.Inflater::needsDictionary (19 bytes)   inline
               !m             @ 61   java.util.zip.Inflater::needsInput (55 bytes)   callee is too large
                              @ 71   java.util.zip.Inflater::hasPendingOutput (5 bytes)   inline
                              @ 78   java.util.zip.InflaterInputStream::fill (60 bytes)   no static binding
               !m             @ 88   java.util.zip.Inflater::inflate (456 bytes)   callee is too large
                              @ 104  java/util/zip/DataFormatException::getMessage (not loaded)   not inlineable
                              @ 125  java/util/zip/ZipException::<init> (not loaded)   not inlineable
344  498       3       java.util.zip.InflaterInputStream::ensureOpen (18 bytes)
                              @ 13   java.io.IOException::<init> (6 bytes)   callee's klass not linked yet
344  500     n 0       java.lang.ref.Reference::clear0 (native)   
344  499       3       java.lang.ref.Reference::refersTo (6 bytes)
                              @ 2   java.lang.ref.Reference::refersToImpl (6 bytes)   no static binding
345  501       3       java.util.ArrayDeque::inc (12 bytes)
345  502       1       java.net.URLStreamHandler::getDefaultPort (2 bytes)
347  329       3       jdk.internal.reflect.ClassFileAssembler::emitConstantPoolUTF8 (50 bytes)   made not entrant
               !              @ 1   jdk.internal.reflect.UTF8::encode (191 bytes)   inline (hot)
                                @ 1   java.lang.String::length (11 bytes)   inline (hot)
                                  @ 6   java.lang.String::coder (15 bytes)   inline (hot)
                                @ 6   jdk.internal.reflect.UTF8::utf8Length (81 bytes)   inline (hot)
                                  @ 1   java.lang.String::length (11 bytes)   inline (hot)
                                    @ 6   java.lang.String::coder (15 bytes)   inline (hot)
                                  @ 16   java.lang.String::charAt (25 bytes)   inline (hot)
                                    @ 1   java.lang.String::isLatin1 (19 bytes)   inline (hot)
                                    @ 12   java.lang.StringLatin1::charAt (15 bytes)   inline (hot)
                                      @ 3   java.lang.String::checkIndex (10 bytes)   inline (hot)
                                        @ 5   jdk.internal.util.Preconditions::checkIndex (18 bytes)   (intrinsic)
                                @ 26   java.lang.String::charAt (25 bytes)   inline (hot)
                                  @ 1   java.lang.String::isLatin1 (19 bytes)   inline (hot)
                                  @ 12   java.lang.StringLatin1::charAt (15 bytes)   inline (hot)
                                    @ 3   java.lang.String::checkIndex (10 bytes)   inline (hot)
                                      @ 5   jdk.internal.util.Preconditions::checkIndex (18 bytes)   (intrinsic)
                              @ 7   jdk.internal.reflect.ClassFileAssembler::emitByte (11 bytes)   inline (hot)
                                @ 5   jdk.internal.reflect.ByteVectorImpl::add (38 bytes)   inline (hot)
                                 \-> TypeProfile (39175/39175 counts) = jdk/internal/reflect/ByteVectorImpl
                                  @ 24   jdk.internal.reflect.ByteVectorImpl::resize (44 bytes)   too big
                              @ 14   jdk.internal.reflect.ClassFileAssembler::emitShort (24 bytes)   inline (hot)
                                @ 10   jdk.internal.reflect.ClassFileAssembler::emitByte (11 bytes)   inline (hot)
                                  @ 5   jdk.internal.reflect.ByteVectorImpl::add (38 bytes)   inline (hot)
                                   \-> TypeProfile (39175/39175 counts) = jdk/internal/reflect/ByteVectorImpl
                                    @ 24   jdk.internal.reflect.ByteVectorImpl::resize (44 bytes)   too big
                                @ 20   jdk.internal.reflect.ClassFileAssembler::emitByte (11 bytes)   inline (hot)
                                  @ 5   jdk.internal.reflect.ByteVectorImpl::add (38 bytes)   inline (hot)
                                   \-> TypeProfile (39175/39175 counts) = jdk/internal/reflect/ByteVectorImpl
                                    @ 24   jdk.internal.reflect.ByteVectorImpl::resize (44 bytes)   too big
                              @ 29   jdk.internal.reflect.ClassFileAssembler::emitByte (11 bytes)   inline (hot)
                                @ 5   jdk.internal.reflect.ByteVectorImpl::add (38 bytes)   inline (hot)
                                 \-> TypeProfile (39175/39175 counts) = jdk/internal/reflect/ByteVectorImpl
                                  @ 24   jdk.internal.reflect.ByteVectorImpl::resize (44 bytes)   too big
347  479 %     4       java.lang.StringLatin1::indexOfChar @ 7 (33 bytes)
347  504       3       java.lang.Class::privateGetDeclaredFields (64 bytes)
                              @ 1   java.lang.Class::reflectionData (43 bytes)   callee is too large
                              @ 34   java.lang.Class::getDeclaredFields0 (0 bytes)   native method
                              @ 37   jdk.internal.reflect.Reflection::filterFields (28 bytes)   inline
                                @ 13   java.util.Map::get (0 bytes)   no static binding
                                @ 21   jdk.internal.reflect.Reflection::filter (165 bytes)   callee is too large
348  505       3       java.lang.ReflectiveOperationException::<init> (6 bytes)
                              @ 2   java.lang.Exception::<init> (6 bytes)   inline
                                @ 2   java.lang.Throwable::<init> (34 bytes)   callee is too large
348  506       3       java.lang.Exception::<init> (6 bytes)
                              @ 2   java.lang.Throwable::<init> (34 bytes)   inline
                                @ 1   java.lang.Object::<init> (1 bytes)   inline
              s                 @ 24   java.lang.Throwable::fillInStackTrace (29 bytes)   no static binding
349  507       3       java.lang.Class::getDeclaredField (54 bytes)
                              @ 1   java.util.Objects::requireNonNull (14 bytes)   force inline by annotation
                                @ 8   java.lang.NullPointerException::<init> (5 bytes)   don't inline Throwable constructors
                              @ 5   java.lang.System::getSecurityManager (12 bytes)   inline
                                @ 0   java.lang.System::allowSecurityManager (13 bytes)   inline
                              @ 25   java.lang.Class::privateGetDeclaredFields (64 bytes)   callee is too large
                              @ 29   java.lang.Class::searchFields (43 bytes)   callee is too large
                              @ 42   java.lang.NoSuchFieldException::<init> (6 bytes)   don't inline Throwable constructors
                              @ 46   java.lang.Class::getReflectionFactory (28 bytes)   inline
                                @ 14   jdk.internal.reflect.ReflectionFactory$GetReflectionFactoryAction::<init> (5 bytes)   inline
                                  @ 1   java.lang.Object::<init> (1 bytes)   inline
                                @ 17   java.security.AccessController::doPrivileged (9 bytes)   inline
                                  @ 2   jdk.internal.reflect.Reflection::getCallerClass (0 bytes)   native method
                                  @ 5   java.security.AccessController::executePrivileged (65 bytes)   force inline by annotation
                                    @ 29   jdk.internal.reflect.ReflectionFactory$GetReflectionFactoryAction::run (5 bytes)   inline
                                      @ 1   jdk.internal.reflect.ReflectionFactory$GetReflectionFactoryAction::run (4 bytes)   inline
                                        @ 0   jdk.internal.reflect.ReflectionFactory::getReflectionFactory (19 bytes)   callee is too large
                                    @ 56   java.lang.ref.Reference::reachabilityFence (1 bytes)   force inline by annotation
                                    @ 60   java.lang.ref.Reference::reachabilityFence (1 bytes)   force inline by annotation
                              @ 50   jdk.internal.reflect.ReflectionFactory::copyField (11 bytes)   inline
                                @ 5   java.lang.reflect.ReflectAccess::copyField (5 bytes)   inline
                                  @ 1   java.lang.reflect.Field::copy (80 bytes)   callee is too large
350  484       4       java.lang.StringLatin1::lastIndexOf (40 bytes)
350  503       1       java.lang.reflect.Field::getDeclaringClass (5 bytes)
350  508       3       jdk.internal.reflect.ReflectionFactory::copyField (11 bytes)
                              @ 5   java.lang.reflect.ReflectAccess::copyField (5 bytes)   inline
                                @ 1   java.lang.reflect.Field::copy (80 bytes)   callee is too large
350  509       3       java.lang.reflect.ReflectAccess::copyField (5 bytes)
                              @ 1   java.lang.reflect.Field::copy (80 bytes)   callee is too large
351  510       3       java.lang.reflect.Field::copy (80 bytes)
                              @ 13   java.lang.IllegalArgumentException::<init> (6 bytes)   don't inline Throwable constructors
                              @ 53   java.lang.reflect.Field::<init> (50 bytes)   callee is too large
351  511       3       java.lang.reflect.Field::<init> (50 bytes)
                              @ 1   java.lang.reflect.AccessibleObject::<init> (5 bytes)   inline
                                @ 1   java.lang.Object::<init> (1 bytes)   inline
351  512       1       jdk.internal.org.objectweb.asm.MethodWriter::hasAsmInstructions (5 bytes)
351  514       3       sun.net.www.ParseUtil::encodePath (41 bytes)
                              @ 22   sun.net.www.ParseUtil::firstEncodeIndex (86 bytes)   callee is too large
                              @ 35   sun.net.www.ParseUtil::encodePath (361 bytes)   callee is too large
352  515       3       java.lang.String::indexOf (18 bytes)
                              @ 5   java.lang.String::coder (15 bytes)   inline
352  518     n 0       java.util.zip.Inflater::reset (native)   (static)
                              @ 9   java.lang.String::length (11 bytes)   inline
                                @ 6   java.lang.String::coder (15 bytes)   inline
                              @ 14   java.lang.String::indexOf (101 bytes)   callee is too large
352  516  s    3       jdk.internal.loader.Resource::cachedInputStream (20 bytes)
                              @ 9   jdk.internal.loader.Resource::getInputStream (0 bytes)   no static binding
352  517   !   3       java.util.zip.ZipFile$ZipFileInputStream::close (59 bytes)
                              @ 42   java.util.Set::remove (0 bytes)   no static binding
352  129       3       java.lang.StringLatin1::lastIndexOf (40 bytes)   made not entrant
                              @ 1   java.lang.StringLatin1::canEncode (17 bytes)   inline (hot)
                              @ 14   java.lang.Math::min (11 bytes)   (intrinsic)
353  440       4       jdk.internal.reflect.UTF8::utf8Length (81 bytes)
353  519       3       java.lang.Class::getDeclaredMethod (63 bytes)
                              @ 1   java.util.Objects::requireNonNull (14 bytes)   force inline by annotation
                                @ 8   java.lang.NullPointerException::<init> (5 bytes)   don't inline Throwable constructors
                              @ 5   java.lang.System::getSecurityManager (12 bytes)   inline
                                @ 0   java.lang.System::allowSecurityManager (13 bytes)   inline
                              @ 25   java.lang.Class::privateGetDeclaredMethods (64 bytes)   callee is too large
                              @ 30   java.lang.Class::searchMethods (104 bytes)   callee is too large
                              @ 47   java.lang.Class::methodToString (78 bytes)   callee is too large
                              @ 50   java.lang.NoSuchMethodException::<init> (6 bytes)   don't inline Throwable constructors
                              @ 54   java.lang.Class::getReflectionFactory (28 bytes)   inline
                                @ 14   jdk.internal.reflect.ReflectionFactory$GetReflectionFactoryAction::<init> (5 bytes)   inline
                                  @ 1   java.lang.Object::<init> (1 bytes)   inline
                                @ 17   java.security.AccessController::doPrivileged (9 bytes)   inline
                                  @ 2   jdk.internal.reflect.Reflection::getCallerClass (0 bytes)   native method
                                  @ 5   java.security.AccessController::executePrivileged (65 bytes)   force inline by annotation
                                    @ 29   jdk.internal.reflect.ReflectionFactory$GetReflectionFactoryAction::run (5 bytes)   inline
                                      @ 1   jdk.internal.reflect.ReflectionFactory$GetReflectionFactoryAction::run (4 bytes)   inline
                                        @ 0   jdk.internal.reflect.ReflectionFactory::getReflectionFactory (19 bytes)   callee is too large
                                    @ 56   java.lang.ref.Reference::reachabilityFence (1 bytes)   force inline by annotation
                                    @ 60   java.lang.ref.Reference::reachabilityFence (1 bytes)   force inline by annotation
                              @ 59   jdk.internal.reflect.ReflectionFactory::copyMethod (11 bytes)   inline
                                @ 5   java.lang.reflect.ReflectAccess::copyMethod (5 bytes)   inline
                                  @ 1   java.lang.reflect.Method::copy (84 bytes)   callee is too large
355  520       3       java.util.HashMap::put (13 bytes)
                              @ 2   java.util.HashMap::hash (20 bytes)   inline
                                @ 9   java.lang.Object::hashCode (0 bytes)   no static binding
                              @ 9   java.util.HashMap::putVal (300 bytes)   callee is too large
356  521       3       java.lang.CharacterDataLatin1::toLowerCase (44 bytes)
356  335       3       jdk.internal.reflect.UTF8::utf8Length (81 bytes)   made not entrant
                              @ 1   java.lang.String::length (11 bytes)   inline (hot)
                                @ 6   java.lang.String::coder (15 bytes)   inline (hot)
                              @ 16   java.lang.String::charAt (25 bytes)   inline (hot)
                                @ 1   java.lang.String::isLatin1 (19 bytes)   inline (hot)
                                @ 12   java.lang.StringLatin1::charAt (15 bytes)   inline (hot)
                                  @ 3   java.lang.String::checkIndex (10 bytes)   inline (hot)
                                    @ 5   jdk.internal.util.Preconditions::checkIndex (18 bytes)   (intrinsic)
356  513       4       java.util.concurrent.ConcurrentHashMap::casTabAt (21 bytes)
358   97       3       java.util.concurrent.ConcurrentHashMap::casTabAt (21 bytes)   made not entrant
                              @ 17   jdk.internal.misc.Unsafe::compareAndSetReference (0 bytes)   (intrinsic)
363  522       1       java.lang.Enum::name (5 bytes)
366  523       3       java.lang.CharacterDataLatin1::getProperties (11 bytes)
367  524       3       java.lang.CharacterDataLatin1::toUpperCaseEx (71 bytes)
                              @ 4   java.lang.CharacterDataLatin1::getProperties (11 bytes)   inline
368  525       3       java.util.concurrent.ConcurrentHashMap::put (8 bytes)
               !m             @ 4   java.util.concurrent.ConcurrentHashMap::putVal (432 bytes)   callee is too large
368  526       1       sun.util.locale.BaseLocale::getLanguage (5 bytes)
369  527       4       jdk.internal.misc.Unsafe::putReferenceRelease (9 bytes)
370  529       1       sun.security.util.KnownOIDs::registerNames (2 bytes)
370  530       3       java.lang.StringLatin1::toUpperCase (186 bytes)
370  117       3       jdk.internal.misc.Unsafe::putReferenceRelease (9 bytes)   made not entrant
                              @ 5   jdk.internal.misc.Unsafe::putReferenceVolatile (0 bytes)   (intrinsic)
370  528       4       java.lang.StringLatin1::canEncode (17 bytes)
                              @ 8   java.lang.NullPointerException::<init> (5 bytes)   don't inline Throwable constructors
                              @ 40   java.lang.CharacterDataLatin1::toUpperCaseEx (71 bytes)   callee is too large
                              @ 64   java.util.Locale::getLanguage (8 bytes)   inline
                                @ 4   sun.util.locale.BaseLocale::getLanguage (5 bytes)   inline
371   75       3       java.lang.StringLatin1::canEncode (17 bytes)   made not entrant
                              @ 111   java.lang.System::arraycopy (0 bytes)   intrinsic
                              @ 139   java.lang.CharacterDataLatin1::toUpperCaseEx (71 bytes)   callee is too large
                              @ 146   java.lang.StringLatin1::canEncode (17 bytes)   inline
                              @ 157   java.lang.StringLatin1::toUpperCaseEx (245 bytes)   callee is too large
                              @ 182   java.lang.String::<init> (15 bytes)   inline
                                @ 1   java.lang.Object::<init> (1 bytes)   inline
                              @ 95   java.lang.StringLatin1::toUpperCaseEx (245 bytes)   callee is too large
373  531       3       java.lang.String::toUpperCase (29 bytes)
                              @ 1   java.lang.String::isLatin1 (19 bytes)   inline
                              @ 13   java.lang.StringLatin1::toUpperCase (186 bytes)   callee is too large
                              @ 25   java.lang.StringUTF16::toUpperCase (276 bytes)   callee is too large
374  532       3       java.util.Objects::nonNull (10 bytes)
374  533       3       sun.security.util.KnownOIDs::register (349 bytes)
                              @ 8   java.util.concurrent.ConcurrentHashMap::put (8 bytes)   inline
               !m               @ 4   java.util.concurrent.ConcurrentHashMap::putVal (432 bytes)   callee is too large
                              @ 27   java.lang.StringBuilder::<init> (7 bytes)   inline
                                @ 3   java.lang.AbstractStringBuilder::<init> (39 bytes)   callee is too large
                              @ 33   java.lang.StringBuilder::append (8 bytes)   inline
                                @ 2   java.lang.AbstractStringBuilder::append (45 bytes)   callee is too large
                              @ 40   java.lang.StringBuilder::append (8 bytes)   inline
                                @ 2   java.lang.AbstractStringBuilder::append (45 bytes)   callee is too large
                              @ 46   java.lang.StringBuilder::append (8 bytes)   inline
                                @ 2   java.lang.AbstractStringBuilder::append (45 bytes)   callee is too large
                              @ 50   java.lang.StringBuilder::append (9 bytes)   inline
                                @ 2   java.lang.String::valueOf (15 bytes)   inline
                                  @ 11   java.lang.Enum::toString (5 bytes)   inline
                                @ 5   java.lang.StringBuilder::append (8 bytes)   inline
                                  @ 2   java.lang.AbstractStringBuilder::append (45 bytes)   callee is too large
                              @ 56   java.lang.StringBuilder::append (8 bytes)   inline
                                @ 2   java.lang.AbstractStringBuilder::append (45 bytes)   callee is too large
                              @ 60   java.lang.StringBuilder::append (9 bytes)   inline
                                @ 2   java.lang.String::valueOf (15 bytes)   inline
                                  @ 11   java.lang.Enum::toString (5 bytes)   inline
                                @ 5   java.lang.StringBuilder::append (8 bytes)   inline
                                  @ 2   java.lang.AbstractStringBuilder::append (45 bytes)   callee is too large
                              @ 63   java.lang.StringBuilder::toString (9 bytes)   inline
                                @ 5   java.lang.String::<init> (7 bytes)   inline
                                  @ 3   java.lang.String::<init> (98 bytes)   callee is too large
                              @ 66   java.lang.RuntimeException::<init> (6 bytes)   don't inline Throwable constructors
                     376  535       4       java.lang.Math::max (11 bytes)
         @ 83   java.lang.StringBuilder::<init> (7 bytes)   inline
                                @ 3   java.lang.AbstractStringBuilder::<init> (39 bytes)   callee is too large
                              @ 90   java.lang.StringBuilder::append (8 bytes)   inline
                                @ 2   java.lang.AbstractStringBuilder::append (45 bytes)   callee is too large
                              @ 96   java.lang.StringBuilder::append (8 bytes)   inline
                                @ 2   java.lang.AbstractStringBuilder::append (45 bytes)   callee is too large
                              @ 100   java.lang.Enum::name (5 bytes)   inline
                              @ 103   java.lang.StringBuilder::append (8 bytes)   inline
                                @ 2   java.lang.AbstractStringBuilder::append (45 bytes)   callee is too large
                              @ 106   java.lang.StringBuilder::toString (9 bytes)   inline
                                @ 5   java.lang.String::<init> (7 bytes)   inline
                                  @ 3   java.lang.String::<init> (98 bytes)   callee is too large
376   30       3       java.lang.Math::max (11 bytes)   made not entrant
                              @ 109   sun.security.util.Debug::println (40 bytes)   callee is too large
                              @ 113   sun.security.util.KnownOIDs::registerNames (2 bytes)   no static binding
                              @ 126   java.lang.String::toUpperCase (29 bytes)   inline
                                @ 1   java.lang.String::isLatin1 (19 bytes)   inline
                                @ 13   java.lang.StringLatin1::toUpperCase (186 bytes)   callee is too large
                                @ 25   java.lang.StringUTF16::toUpperCase (276 bytes)   callee is too large
                              @ 135   java.util.concurrent.ConcurrentHashMap::put (8 bytes)   inline
               !m               @ 4   java.util.concurrent.ConcurrentHashMap::putVal (432 bytes)   callee is too large
                              @ 138   java.util.Objects::nonNull (10 bytes)   inline
                              @ 152   java.lang.StringBuilder::<init> (7 bytes)   inline
                                @ 3   java.lang.AbstractStringBuilder::<init> (39 bytes)   callee is too large
                              @ 158   java.lang.StringBuilder::append (8 bytes)   inline
                                @ 2   java.lang.AbstractStringBuilder::append (45 bytes)   callee is too large
                              @ 162   java.lang.StringBuilder::append (8 bytes)   inline
                                @ 2   java.lang.AbstractStringBuilder::append (45 bytes)   callee is too large
                              @ 168   java.lang.StringBuilder::append (8 bytes)   inline
                                @ 2   java.lang.AbstractStringBuilder::append (45 bytes)   callee is too large
                              @ 171   java.lang.StringBuilder::toString (9 bytes)   inline
                                @ 5   java.lang.String::<init> (7 bytes)   inline
                                  @ 3   java.lang.String::<init> (98 bytes)   callee is too large
                              @ 174   java.lang.RuntimeException::<init> (6 bytes)   don't inline Throwable constructors
                              @ 191   java.lang.StringBuilder::<init> (7 bytes)   inline
                                @ 3   java.lang.AbstractStringBuilder::<init> (39 bytes)   callee is too large
                              @ 195   java.lang.StringBuilder::append (8 bytes)   inline
                                @ 2   java.lang.AbstractStringBuilder::append (45 bytes)   callee is too large
                              @ 201   java.lang.StringBuilder::append (8 bytes)   inline
                                @ 2   java.lang.AbstractStringBuilder::append (45 bytes)   callee is too large
                              @ 205   java.lang.Enum::name (5 bytes)   inline
                              @ 208   java.lang.StringBuilder::append (8 bytes)   inline
                                @ 2   java.lang.AbstractStringBuilder::append (45 bytes)   callee is too large
                              @ 211   java.lang.StringBuilder::toString (9 bytes)   inline
                                @ 5   java.lang.String::<init> (7 bytes)   inline
                                  @ 3   java.lang.String::<init> (98 bytes)   callee is too large
                              @ 214   sun.security.util.Debug::println (40 bytes)   callee is too large
                              @ 247   java.lang.String::toUpperCase (29 bytes)   inline
                                @ 1   java.lang.String::isLatin1 (19 bytes)   inline
                                @ 13   java.lang.StringLatin1::toUpperCase (186 bytes)   callee is too large
                                @ 25   java.lang.StringUTF16::toUpperCase (276 bytes)   callee is too large
                              @ 258   java.util.concurrent.ConcurrentHashMap::put (8 bytes)   inline
               !m               @ 4   java.util.concurrent.ConcurrentHashMap::putVal (432 bytes)   callee is too large
                              @ 261   java.util.Objects::nonNull (10 bytes)   inline
                              @ 275   java.lang.StringBuilder::<init> (7 bytes)   inline
                                @ 3   java.lang.AbstractStringBuilder::<init> (39 bytes)   callee is too large
                              @ 281   java.lang.StringBuilder::append (8 bytes)   inline
                                @ 2   java.lang.AbstractStringBuilder::append (45 bytes)   callee is too large
                              @ 286   java.lang.StringBuilder::append (8 bytes)   inline
                                @ 2   java.lang.AbstractStringBuilder::append (45 bytes)   callee is too large
                              @ 292   java.lang.StringBuilder::append (8 bytes)   inline
                                @ 2   java.lang.AbstractStringBuilder::append (45 bytes)   callee is too large
                              @ 295   java.lang.StringBuilder::toString (9 bytes)   inline
                                @ 5   java.lang.String::<init> (7 bytes)   inline
                                  @ 3   java.lang.String::<init> (98 bytes)   callee is too large
                              @ 298   java.lang.RuntimeException::<init> (6 bytes)   don't inline Throwable constructors
                              @ 315   java.lang.StringBuilder::<init> (7 bytes)   inline
                                @ 3   java.lang.AbstractStringBuilder::<init> (39 bytes)   callee is too large
                              @ 320   java.lang.StringBuilder::append (8 bytes)   inline
379  541       4       java.lang.CharacterDataLatin1::toUpperCaseEx (71 bytes)
                                @ 2   java.lang.AbstractStringBuilder::append (45 bytes)   callee is too large
                              @ 326   java.lang.StringBuilder::append (8 bytes)   inline
                                @ 2   java.lang.AbstractStringBuilder::append (45 bytes)   callee is too large
                              @ 330   java.lang.Enum::name (5 bytes)   inline
                              @ 333   java.lang.StringBuilder::append (8 bytes)   inline
                                @ 2   java.lang.AbstractStringBuilder::append (45 bytes)   callee is too large
                              @ 336   java.lang.StringBuilder::toString (9 bytes)   inline
                                @ 5   java.lang.String::<init> (7 bytes)   inline
                                  @ 3   java.lang.String::<init> (98 bytes)   callee is too large
                              @ 339   sun.security.util.Debug::println (40 bytes)   callee is too large
380  524       3       java.lang.CharacterDataLatin1::toUpperCaseEx (71 bytes)   made not entrant
                              @ 4   java.lang.CharacterDataLatin1::getProperties (11 bytes)   inline (hot)
380  543       4       java.lang.AbstractStringBuilder::ensureCapacityInternal (39 bytes)
382  539       1       java.util.HashMap$Node::getKey (5 bytes)
383  546     n 0       jdk.internal.misc.Unsafe::putByte (native)   
383  534       3       java.util.Arrays::copyOf (40 bytes)
                              @ 14   java.lang.Class::getComponentType (14 bytes)   inline
                                @ 1   java.lang.Class::isArray (0 bytes)   native method
                              @ 18   java.lang.reflect.Array::newInstance (6 bytes)   inline
                                @ 2   java.lang.reflect.Array::newArray (0 bytes)   native method
                              @ 32   java.lang.Math::min (11 bytes)   inline
                              @ 35   java.lang.System::arraycopy (0 bytes)   intrinsic
383  544       3       java.lang.invoke.VarHandleByteArrayAsShorts$ArrayHandle::index (12 bytes)
                              @ 8   jdk.internal.util.Preconditions::checkIndex (18 bytes)   intrinsic
384  545       3       jdk.internal.misc.Unsafe::convEndian (16 bytes)
                              @ 12   java.lang.Short::reverseBytes (14 bytes)   inline
384  536       3       java.util.Locale::getLanguage (8 bytes)
                              @ 4   sun.util.locale.BaseLocale::getLanguage (5 bytes)   inline
384  540       1       java.util.HashMap$Node::getValue (5 bytes)
384  538       3       java.util.HashSet::add (20 bytes)
                              @ 8   java.util.HashMap::put (13 bytes)   callee uses too much stack
385  537       3       java.util.AbstractList::<init> (10 bytes)
385   78       3       java.lang.AbstractStringBuilder::ensureCapacityInternal (39 bytes)   made not entrant
                              @ 24   java.lang.AbstractStringBuilder::newCapacity (59 bytes)   inline (hot)
                                @ 29   jdk.internal.util.ArraysSupport::newLength (27 bytes)   inline (hot)
                                  @ 3   java.lang.Math::max (11 bytes)   (intrinsic)
                              @ 32   java.util.Arrays::copyOf (33 bytes)   inline (hot)
                                @ 7   java.lang.Object::clone (0 bytes)   native method
                                @ 7   java.lang.Object::clone (0 bytes)   (intrinsic)
                                @ 25   java.lang.Math::min (11 bytes)   (intrinsic)
                                @ 28   java.lang.System::arraycopy (0 bytes)   (intrinsic)
                              @ 1   java.util.AbstractCollection::385  542       4       java.lang.String::getBytes (44 bytes)
<init> (5 bytes)   inline
                                @ 1   java.lang.Object::<init> (1 bytes)   inline
386  547       3       jdk.internal.misc.Unsafe::pick (12 bytes)
386  548       3       java.lang.StringLatin1::inflate (34 bytes)
386   91       3       java.lang.String::getBytes (44 bytes)   made not entrant
                              @ 1   java.lang.String::coder (15 bytes)   inline (hot)
                              @ 22   java.lang.System::arraycopy (0 bytes)   (intrinsic)
386  551     n 0       java.lang.reflect.Array::newArray (native)   (static)
386  549       3       java.lang.String::checkBoundsOffCount (10 bytes)
                              @ 6   jdk.internal.util.Preconditions::checkFromIndexSize (25 bytes)   inline
                                @ 19   jdk.internal.util.Preconditions::outOfBoundsCheckFromIndexSize (32 bytes)   callee is too large
387  550       3       java.util.AbstractMap::<init> (5 bytes)
                              @ 1   java.lang.Object::<init> (1 bytes)   inline
387  552       4       jdk.internal.util.ArraysSupport::vectorizedHashCode (158 bytes)
387  553       3       jdk.internal.org.objectweb.asm.SymbolTable::hash (15 bytes)
                              @ 4   java.lang.String::hashCode (60 bytes)   callee is too large
                              @ 8   java.lang.String::hashCode (60 bytes)   callee is too large
388  554   !   3       java.lang.invoke.MemberName::getFieldType (176 bytes)
                              @ 8   java.lang.invoke.MemberName::expandFromVM (21 bytes)   inline
                                @ 9   java.lang.invoke.MemberName::isResolved (13 bytes)   inline
                                @ 17   java.lang.invoke.MethodHandleNatives::expand (0 bytes)   native method
                              @ 21   java.lang.invoke.MemberName::isInvocable (8 bytes)   inline
                                @ 4   java.lang.invoke.MemberName::anyFlagSet (15 bytes)   inline
                              @ 29   java.lang.invoke.MethodHandleStatics::newIllegalArgumentException (9 bytes)   inline
                                @ 5   java.lang.IllegalArgumentException::<init> (6 bytes)   don't inline Throwable constructors
                              @ 75   java.lang.StringBuilder::<init> (7 bytes)   inline
                                @ 3   java.lang.AbstractStringBuilder::<init> (39 bytes)   callee is too large
                              @ 80   java.lang.StringBuilder::append389  561     n 0       jdk.internal.misc.Unsafe::putShort (native)   
 (8 bytes)   inline
                                @ 2   java.lang.AbstractStringBuilder::append (45 bytes)   callee is too large
                              @ 84   java.lang.StringBuilder::append (8 bytes)   inline
                                @ 2   java.lang.AbstractStringBuilder::append (45 bytes)   callee is too large
                              @ 87   java.lang.StringBuilder::toString (9 bytes)   inline
                                @ 5   java.lang.String::<init> (7 bytes)   inline
                                  @ 3   java.lang.String::<init> (98 bytes)   callee is too large
                              @ 91   java.lang.invoke.MemberName::getClassLoader (8 bytes)   inline
                                @ 4   java.lang.Class::getClassLoader (28 bytes)   force inline by annotation
                                  @ 11   java.lang.System::getSecurityManager (12 bytes)   inline
                                    @ 0   java.lang.System::allowSecurityManager (13 bytes)   inline
                              @ 94   java.lang.invoke.MethodType::fromDescriptor (90 bytes)   callee is too large
                              @ 99   java.lang.invoke.MethodType::returnType (5 bytes)   inline
390  564     n 0       jdk.internal.misc.Unsafe::getBoolean (native)   
390  562       3       java.lang.String::getChars (55 bytes)
                              @ 3   java.lang.String::length (11 bytes)   inline
                                @ 6   java.lang.String::coder (15 bytes)   inline
                              @ 6   java.lang.String::checkBoundsBeginEnd (11 bytes)   inline
                                @ 6   jdk.internal.util.Preconditions::checkFromToIndex (24 bytes)   inline
                                  @ 18   jdk.internal.util.Preconditions::outOfBoundsCheckFromToIndex (32 bytes)   callee is too large
                              @ 16   java.lang.String::checkBoundsOffCount (10 bytes)   inline
                                @ 6   jdk.internal.util.Preconditions::checkFromIndexSize (25 bytes)   inline
                                  @ 19   jdk.internal.util.Preconditions::outOfBoundsCheckFromIndexSize (32 bytes)   callee is too large
                              @ 21   java.lang.String::isLatin1 (19 bytes)391   16       3       jdk.internal.util.ArraysSupport::vectorizedHashCode (158 bytes)   made not entrant
                              @ 51   jdk.internal.util.ArraysSupport::signedHashCode (37 bytes)   inline (hot)
   inline
                              @ 36   java.lang.StringLatin1::getChars (12 bytes)   callee uses too much stack
                              @ 51   java.lang.StringUTF16::getChars (42 bytes)   callee is too large
392  429       4       java.util.concurrent.locks.AbstractQueuedSynchronizer::compareAndSetState (13 bytes)   made not entrant
392  563       3       java.lang.StringLatin1::getChars (12 bytes)
                              @ 8   java.lang.StringLatin1::inflate (34 bytes)   callee uses too much stack
392  558       3       jdk.internal.org.objectweb.asm.Frame::getAbstractTypeFromDescriptor (415 bytes)
                              @ 2   java.lang.String::charAt (25 bytes)   inline
                                @ 1   java.lang.String::isLatin1 (19 bytes)   inline
                                @ 12   java.lang.StringLatin1::charAt (15 bytes)   inline
                                  @ 3   java.lang.String::checkIndex (10 bytes)   inline
                                    @ 5   jdk.internal.util.Preconditions::checkIndex (18 bytes)   intrinsic
                                @ 21   java.lang.StringUTF16::charAt (11 bytes)   inline
                                  @ 2   java.lang.StringUTF16::checkIndex (9 bytes)   inline
                                    @ 2   java.lang.StringUTF16::length (5 bytes)   inline
                                    @ 5   java.lang.String::checkIndex (10 bytes)   inline
                                      @ 5   jdk.internal.util.Preconditions::checkIndex (18 bytes)   intrinsic
                                  @ 7   java.lang.StringUTF16::getChar (60 bytes)   intrinsic
                              @ 143   java.lang.String::length (11 bytes)   inline
                                @ 6   java.lang.String::coder (15 bytes)   inline
                              @ 148   java.lang.String::substring (58 bytes)   callee is too large
                              @ 156   jdk.internal.org.objectweb.asm.SymbolTable::addType (81 bytes)   callee is too large
                              @ 169   java.lang.String::charAt (25 bytes)   inline
                                @ 1   java.lang.String::isLatin1 (19 bytes)   inline
                                @ 12   java.lang.StringLatin1::charAt (15 bytes)   inline
                                  @ 3   java.lang.String::checkIndex (10 bytes)   inline
                                    @ 5   jdk.internal.util.Preconditions::checkIndex (18 bytes)   intrinsic
                                @ 21   java.lang.StringUTF16::charAt (11 bytes)   inline
                                  @ 2   java.lang.StringUTF16::checkIndex (9 bytes)   inline
                                    @ 2   java.lang.StringUTF16::length (5 bytes)   inline
                                    @ 5   java.lang.String::checkIndex (10 bytes)   inline
                                      @ 5   jdk.internal.util.Preconditions::checkIndex (18 bytes)   intrinsic
                                  @ 7   java.lang.StringUTF16::getChar (60 bytes)   intrinsic
                              @ 186   java.lang.String::charAt (25 bytes)   inline
                                @ 1   java.lang.String::isLatin1 (19 bytes)   inline
                                @ 12   java.lang.StringLatin1::charAt (15 bytes)   inline
                                  @ 3   java.lang.String::checkIndex (10 bytes)   inline
                                    @ 5   jdk.internal.util.Preconditions::checkIndex (18 bytes)   intrinsic
                                @ 21   java.lang.StringUTF16::charAt (11 bytes)   inline
                                  @ 2   java.lang.StringUTF16::checkIndex (9 bytes)   inline
                                    @ 2   java.lang.StringUTF16::length (5 bytes)   inline
                                    @ 5   java.lang.String::checkIndex (10 bytes)   inline
                                      @ 5   jdk.internal.util.Preconditions::checkIndex (18 bytes)   intrinsic
                                  @ 7   java.lang.StringUTF16::getChar (60 bytes)   intrinsic
                              @ 366   java.lang.String::length (11 bytes)   inline
                                @ 6   java.lang.String::coder (15 bytes)   inline
                              @ 371   java.lang.String::substring (58 bytes)   callee is too large
                              @ 379   jdk.internal.org.objectweb.asm.SymbolTable::addType (81 bytes)   callee is too large
                              @ 392   java.lang.IllegalArgumentException::<init> (5 bytes)   don't inline Throwable constructors
                              @ 411   java.lang.IllegalArgumentException::<init> (5 bytes)   don't inline Throwable constructors
395  555       3       jdk.internal.org.objectweb.asm.SymbolTable$Entry::<init> (18 bytes)
                              @ 8   jdk.internal.org.objectweb.asm.Symbol::<init> (38 bytes)   callee is too large
395  557       3       java.lang.invoke.LambdaForm$NamedFunction::methodType (28 bytes)
                              @ 18   java.lang.invoke.LambdaForm$NamedFunction::calculateMethodType (14 bytes)   inline
                                @ 5   java.lang.invoke.MethodHandle::type (5 bytes)   inline
                                @ 10   java.lang.invoke.MemberName::getInvocationType (56 bytes)   callee is too large
395  556       3       jdk.internal.org.objectweb.asm.Frame::push (59 bytes)
                              @ 2   java.lang.String::charAt (25 bytes)   inline
                                @ 1   java.lang.String::isLatin1 (19 bytes)   inline
                                @ 12   java.lang.StringLatin1::charAt (15 bytes)   inline
                                  @ 3   java.lang.String::checkIndex (10 bytes)   inline
                                    @ 5   jdk.internal.util.Preconditions::checkIndex (18 bytes)   intrinsic
                                @ 21   java.lang.StringUTF16::charAt (11 bytes)   inline
                                  @ 2   java.lang.StringUTF16::checkIndex (9 bytes)   inline
                                    @ 2   java.lang.StringUTF16::length (5 bytes)   inline
                                    @ 5   java.lang.String::checkIndex (10 bytes)   inline
                                      @ 5   jdk.internal.util.Preconditions::checkIndex (18 bytes)   intrinsic
                                  @ 7   java.lang.StringUTF16::getChar (60 bytes)   intrinsic
                              @ 11   jdk.internal.org.objectweb.asm.Type::getReturnTypeOffset (64 bytes)   callee is too large
                              @ 22   jdk.internal.org.objectweb.asm.Frame::getAbstractTypeFromDescriptor (415 bytes)   callee is too large
                              @ 35   jdk.internal.org.objectweb.asm.Frame::push (109 bytes)   callee is too large
                              @ 55   jdk.internal.org.objectweb.asm.Frame::push (109 bytes)   callee is too large
397  560       1       java.io.ClassCache$CacheRef::getStrong (5 bytes)
398  559       3       jdk.internal.org.objectweb.asm.Frame::pop (42 bytes)
398  565       1       java.lang.reflect.Method::getModifiers (5 bytes)
403  566       3       java.lang.NoSuchFieldException::<init> (6 bytes)
                              @ 2   java.lang.ReflectiveOperationException::<init> (6 bytes)   inline
                                @ 2   java.lang.Exception::<init> (6 bytes)   inline
                                  @ 2   java.lang.Throwable::<init> (34 bytes)   callee is too large
405  568   !   3       java.net.URL::<init> (543 bytes)
                              @ 1   java.lang.Object::<init> (1 bytes)   inline
                              @ 33   java.lang.System::getSecurityManager (12 bytes)   inline
                                @ 0   java.lang.System::allowSecurityManager (13 bytes)   inline
                              @ 50   java.lang.String::length (11 bytes)   inline
                                @ 6   java.lang.String::coder (15 bytes)   inline
                              @ 65   java.lang.String::charAt (25 bytes)   inline
                                @ 1   java.lang.String::isLatin1 (19 bytes)   inline
                                @ 12   java.lang.StringLatin1::charAt (15 bytes)   inline
                                  @ 3   java.lang.String::checkIndex (10 bytes)   inline
                                    @ 5   jdk.internal.util.Preconditions::checkIndex (18 bytes)   intrinsic
                                @ 21   java.lang.StringUTF16::charAt (11 bytes)   inline
                                  @ 2   java.lang.StringUTF16::checkIndex (9 bytes)   inline
                                    @ 2   java.lang.StringUTF16::length (5 bytes)   inline
                                    @ 5   java.lang.String::checkIndex (10 bytes)   inline
                                      @ 5   jdk.internal.util.Preconditions::checkIndex (18 bytes)   intrinsic
                                  @ 7   java.lang.StringUTF16::getChar (60 bytes)   intrinsic
                              @ 89   java.lang.String::charAt (25 bytes)   inline
                                @ 1   java.lang.String::isLatin1 (19 bytes)   inline
                                @ 12   java.lang.StringLatin1::charAt (15 bytes)   inline
                                  @ 3   java.lang.String::checkIndex (10 bytes)   inline
                                    @ 5   jdk.internal.util.Preconditions::checkIndex (18 bytes)   intrinsic
                                @ 21   java.lang.StringUTF16::charAt (11 bytes)   inline
                                  @ 2   java.lang.StringUTF16::checkIndex (9 bytes)   inline
                                    @ 2   java.lang.StringUTF16::length (5 bytes)   inline
                                    @ 5   java.lang.String::checkIndex (10 bytes)   inline
                                      @ 5   jdk.internal.util.Preconditions::checkIndex (18 bytes)   intrinsic
                                  @ 7   java.lang.StringUTF16::getChar (60 bytes)   intrinsic
                              @ 111   java.lang.String::regionMatches (150 bytes)   callee is too large
                              @ 123   java.lang.String::length (11 bytes)   inline
                                @ 6   java.lang.String::coder (15 bytes)   inline
                              @ 132   java.lang.String::charAt (25 bytes)   inline
                                @ 1   java.lang.String::isLatin1 (19 bytes)   inline
                                @ 12   java.lang.StringLatin1::charAt (15 bytes)   inline
                                  @ 3   java.lang.String::checkIndex (10 bytes)   inline
                                    @ 5   jdk.internal.util.Preconditions::checkIndex (18 bytes)   intrinsic
                                @ 21   java.lang.StringUTF16::charAt (11 bytes)   inline
                                  @ 2   java.lang.StringUTF16::checkIndex (9 bytes)   inline
                                    @ 2   java.lang.StringUTF16::length (5 bytes)   inline
                                    @ 5   java.lang.String::checkIndex (10 bytes)   inline
                                      @ 5   jdk.internal.util.Preconditions::checkIndex (18 bytes)   intrinsic
                                  @ 7   java.lang.StringUTF16::getChar (60 bytes)   intrinsic
                              @ 162   java.lang.String::charAt (25 bytes)   inline
                                @ 1   java.lang.String::isLatin1 (19 bytes)   inline
                                @ 12   java.lang.StringLatin1::charAt (15 bytes)   inline
                                  @ 3   java.lang.String::checkIndex (10 bytes)   inline
                                    @ 5   jdk.internal.util.Preconditions::checkIndex (18 bytes)   intrinsic
                                @ 21   java.lang.StringUTF16::charAt (11 bytes)   inline
                                  @ 2   java.lang.StringUTF16::checkIndex (9 bytes)   inline
                                    @ 2   java.lang.StringUTF16::length (5 bytes)   inline
                                    @ 5   java.lang.String::checkIndex (10 bytes)   inline
                                      @ 5   jdk.internal.util.Preconditions::checkIndex (18 bytes)   intrinsic
                                  @ 7   java.lang.StringUTF16::getChar (60 bytes)   intrinsic
                              @ 185   java.lang.String::substring (58 bytes)   callee is too large
                              @ 188   java.net.URL::lowerCaseProtocol (46 bytes)   callee is too large
                              @ 196   java.net.URL::isValidProtocol (78 bytes)   callee is too large
                              @ 242   java.lang.String::equalsIgnoreCase (45 bytes)   callee is too large
                              @ 270   java.lang.String::startsWith (7 bytes)   inline
                                @ 3   java.lang.String::startsWith (123 bytes)   callee is too large
                              @ 358   java.lang.StringBuilder::<init> (7 bytes)   inline
                                @ 3   java.lang.AbstractStringBuilder::<init> (39 bytes)   callee is too large
                              @ 363   java.lang.StringBuilder::append (8 bytes)   inline
                                @ 2   java.lang.AbstractStringBuilder::append (45 bytes)   callee is too large
                              @ 368   java.lang.StringBuilder::append (8 bytes)   inline
                                @ 2   java.lang.AbstractStringBuilder::append (45 bytes)   callee is too large
                              @ 371   java.lang.StringBuilder::toString (9 bytes)   inline
                                @ 5   java.lang.String::<init> (7 bytes)   inline
                                  @ 3   java.lang.String::<init> (98 bytes)   callee is too large
                              @ 374   java.net.MalformedURLException::<init> (6 bytes)   callee's klass not linked yet
               !m             @ 386   java.net.URL::getURLStreamHandler (191 bytes)   callee is too large
                              @ 402   java.lang.StringBuilder::<init> (7 bytes)   inline
                                @ 3   java.lang.AbstractStringBuilder::<init> (39 bytes)   callee is too large
                              @ 407   java.lang.StringBuilder::append (8 bytes)   inline
                                @ 2   java.lang.AbstractStringBuilder::append (45 bytes)   callee is too large
                              @ 414   java.lang.StringBuilder::append (8 bytes)   inline
                                @ 2   java.lang.AbstractStringBuilder::append (45 bytes)   callee is too large
                              @ 417   java.lang.StringBuilder::toString (9 bytes)   inline
                                @ 5   java.lang.String::<init> (7 bytes)   inline
                                  @ 3   java.lang.String::<init> (98 bytes)   callee is too large
                              @ 420   java.net.MalformedURLException::<init> (6 bytes)   callee's klass not linked yet
                              @ 434   java.lang.String::indexOf (37 bytes)   callee is too large
                              @ 452   java.lang.String::substring (58 bytes)   callee is too large
                              @ 504   java.net.URLStreamHandler::parseURL (1124 bytes)   no static binding
                              @ 523   java.lang.Throwable::getMessage (5 bytes)   no static binding
                              @ 526   java.net.MalformedURLException::<init> (6 bytes)   callee's klass not linked yet
              s               @ 535   java.lang.Throwable::initCause (64 bytes)   no static binding
409  571       4       java.lang.invoke.MethodType::parameterType (7 bytes)
409  161       3       java.lang.invoke.MethodType::parameterType (7 bytes)   made not entrant
410  573       3       java.lang.invoke.LambdaForm::parameter (38 bytes)
411  574       3       java.util.Objects::checkIndex (7 bytes)
                              @ 3   jdk.internal.util.Preconditions::checkIndex (18 bytes)   intrinsic
411  575       3       java.util.ArrayList::elementData (7 bytes)
411  570       3       java.util.zip.ZipUtils::CENLEN (9 bytes)
                              @ 5   java.util.zip.ZipUtils::LG (22 bytes)   inline
                                @ 2   java.util.zip.ZipUtils::SH (21 bytes)   inline
411  122       3       java.lang.StringLatin1::indexOf (37 bytes)   made not entrant
                                @ 9   java.util.zip.ZipUtils::SH (21 bytes)   inline
411  576       3       java.lang.StringLatin1::indexOf (37 bytes)
                              @ 1   java.lang.StringLatin1::canEncode (17 bytes)   inline
                              @ 11   java.lang.Math::max (11 bytes)   inline
                              @ 18   java.lang.Math::min (11 bytes)   inline
                              @ 33   java.lang.StringLatin1::indexOfChar (33 bytes)   inlining prohibited by policy
412  567       3       java.net.URL::<init> (8 bytes)
               !              @ 4   java.net.URL::<init> (543 bytes)   callee is too large
412  569       3       java.net.URLStreamHandler::setURL (156 bytes)
                              @ 14  java/lang/SecurityException::<init> (not loaded)   not inlineable
                              @ 18   sun.net.util.IPAddressUtil::earlyURLParsing (12 bytes)   inline
                              @ 25   java.net.URL::isBuiltinStreamHandler (32 bytes)   inline
                                @ 1   java.lang.Object::getClass (0 bytes)   intrinsic
                                @ 7   java.lang.Class::getName (18 bytes)   inline
                                  @ 14   java.lang.Class::initClassName (0 bytes)   native method
                                @ 10   java.net.URL::isBuiltinStreamHandler (8 bytes)   inline
                                  @ 4   java.lang.String::startsWith (7 bytes)   inline
                                    @ 3   java.lang.String::startsWith (123 bytes)   callee is too large
                                @ 17   java.lang.Class::getClassLoader (28 bytes)   force inline by annotation
# Warmup Iteration   1:                                   @ 11   java.lang.System::getSecurityManager (12 bytes)   inline
                                    @ 0   java.lang.System::allowSecurityManager (13 bytes)   inline
                                @ 20   jdk.internal.misc.VM::isSystemDomainLoader (17 bytes)   inline
                                  @ 5   java.lang.ClassLoader::getPlatformClassLoader (21 bytes)   inline
                                    @ 0   java.lang.System::getSecurityManager (12 bytes)   inline
                                      @ 0   java.lang.System::allowSecurityManager (13 bytes)   inline
                                    @ 4   java.lang.ClassLoader::getBuiltinPlatformClassLoader (4 bytes)   inline
                                      @ 0   jdk.internal.loader.ClassLoaders::platformClassLoader (4 bytes)   inline
                              @ 40   sun.net.util.IPAddressUtil::checkHostString (64 bytes)   callee is too large
                              @ 56   java.lang.IllegalArgumentException::<init> (6 bytes)   don't inline Throwable constructors
                              @ 77   sun.net.util.IPAddressUtil::checkUserInfo (44 bytes)   callee is too large
                              @ 93   java.lang.IllegalArgumentException::<init> (6 bytes)   don't inline Throwable constructors
                              @ 114   sun.net.util.IPAddressUtil::checkAuth (45 bytes)   callee is too large
                              @ 130   java.lang.IllegalArgumentException::<init> (6 bytes)   don't inline Throwable constructors
                              @ 136   java.net.URL::getProtocol (5 bytes)   inline
               !m             @ 152   java.net.URL::set (114 bytes)   callee is too large
414  578       3       jdk.internal.misc.Unsafe::objectFieldOffset (18 bytes)
                              @ 8   java.lang.NullPointerException::<init> (5 bytes)   don't inline Throwable constructors
                              @ 14   jdk.internal.misc.Unsafe::objectFieldOffset0 (0 bytes)   native method
414  577       3       java.util.WeakHashMap::put (160 bytes)
                              @ 1   java.util.WeakHashMap::maskNull (12 bytes)   inline
                              @ 7   java.util.WeakHashMap::hash (28 bytes)   callee uses too much stack
                              @ 13   java.util.WeakHashMap::getTable (9 bytes)   inline
               !m               @ 1   java.util.WeakHashMap::expungeStaleEntries (139 bytes)   callee is too large
                              @ 23   java.util.WeakHashMap::indexFor (6 bytes)   inline
                              @ 54   java.util.WeakHashMap::matchesKey (33 bytes)   inline
                                @ 2   java.lang.ref.Reference::refersTo (6 bytes)   inline
                                  @ 2   java.lang.ref.Reference::refersToImpl (6 bytes)   no static binding
                                @ 11   java.lang.ref.Reference::get (5 bytes)   intrinsic
                                @ 21   java.lang.Object::equals (11 bytes)   no static binding
                              @ 127   java.util.WeakHashMap$Entry::<init> (24 bytes)   inline
                                @ 3   java.lang.ref.WeakReference::<init> (7 bytes)   inline
                                  @ 3   java.lang.ref.Reference::<init> (25 bytes)   inline
                                    @ 1   java.lang.Object::<init> (1 bytes)   inline
                              @ 155   java.util.WeakHashMap::resize (86 bytes)   callee is too large
415  579       3       java.lang.Record::<init> (5 bytes)
                              @ 1   java.lang.Object::<init> (1 bytes)   inline
415  580       3       harness.HarnessV2$Item::<init> (15 bytes)
                              @ 1   java.lang.Record::<init> (5 bytes)   inline
                                @ 1   java.lang.Object::<init> (1 bytes)   inline
416  572       1       java.util.zip.ZipEntry::getSize (5 bytes)
416  581       3       jdk.internal.access.SharedSecrets::javaUtilJarAccess (19 bytes)
               !              @ 10   jdk.internal.access.SharedSecrets::ensureClassInitialized (13 bytes)   inline
                                @ 0   java.lang.invoke.MethodHandles::lookup (27 bytes)   force inline by annotation
                                  @ 0   jdk.internal.reflect.Reflection::getCallerClass (0 bytes)   native method
                                  @ 14  java/lang/IllegalCallerException::<init> (not loaded)   not inlineable
                                  @ 23   java.lang.invoke.MethodHandles$Lookup::<init> (9 bytes)   inline
                                    @ 5   java.lang.invoke.MethodHandles$Lookup::<init> (84 bytes)   callee is too large
                                @ 4   java.lang.invoke.MethodHandles$Lookup::ensureInitialized (107 bytes)   callee is too large
416  582       3       java.lang.Module::isNamed (13 bytes)
417  583       3       java.util.ArrayList$Itr::next (66 bytes)
                              @ 1   java.util.ArrayList$Itr::checkForComodification (23 bytes)   inline
                                @ 18  java/util/ConcurrentModificationException::<init> (not loaded)   not inlineable
                              @ 24  java/util/NoSuchElementException::<init> (not loaded)   not inlineable
                              @ 46  java/util/ConcurrentModificationException::<init> (not loaded)   not inlineable
417  584       3       java.util.ArrayList$Itr::checkForComodification (23 bytes)
                              @ 18  java/util/ConcurrentModificationException::<init> (not loaded)   not inlineable
417  585       3       java.util.ArrayList::grow (60 bytes)
                              @ 49   java.lang.Math::max (11 bytes)   inline
                              @ 27   jdk.internal.util.ArraysSupport::newLength (27 bytes)   inline
                                @ 3   java.lang.Math::max (11 bytes)   inline
                                @ 23   jdk.internal.util.ArraysSupport::hugeLength (60 bytes)   callee is too large
                              @ 37   java.util.Arrays::copyOf (10 bytes)   inline
                                @ 3   java.lang.Object::getClass (0 bytes)   intrinsic
                                @ 6   java.util.Arrays::copyOf (40 bytes)   callee is too large
418  588       3       java.util.ImmutableCollections$ListItr::hasNext (17 bytes)
418  587       3       java.util.ImmutableCollections$ListN::get (7 bytes)
418  586       1       harness.HarnessV2$Item::price (5 bytes)
418  595       4       java.util.ImmutableCollections$ListN::get (7 bytes)
418  590   !   3       java.util.ImmutableCollections$ListItr::next (34 bytes)
                              @ 10   java.util.List::get (0 bytes)   no static binding
                              @ 30  java/util/NoSuchElementException::<init> (not loaded)   not inlineable
418  591       3       harness.HarnessV2$Order::addItem (26 bytes)
                              @ 5   java.util.List::add (0 bytes)   no static binding
                              @ 19   java.lang.System::currentTimeMillis (0 bytes)   intrinsic
419  589       3       java.util.ArrayList::get (15 bytes)
                              @ 5   java.util.Objects::checkIndex (7 bytes)   force inline by annotation
                                @ 3   jdk.internal.util.Preconditions::checkIndex (18 bytes)   intrinsic
                              @ 11   java.util.ArrayList::elementData (7 bytes)   inline
419  587       3       java.util.ImmutableCollections$ListN::get (7 bytes)   made not entrant
419  600       3       harness.HarnessV2::dishonestScenario (72 bytes)
                              @ 6   harness.HarnessV2$Order::<init> (42 bytes)   callee is too large
                              @ 11   java.util.List::iterator (0 bytes)   no static binding
                              @ 20   java.util.Iterator::hasNext (0 bytes)   no static binding
                              @ 30   java.util.Iterator::next (0 bytes)   no static binding
                              @ 43   harness.HarnessV2$Order::addItem (26 bytes)   inline
                                @ 5   java.util.List::add (0 bytes)   no static binding
                                @ 19   java.lang.System::currentTimeMillis (0 bytes)   intrinsic
                              @ 52   harness.HarnessV2$Order::applyCoupon (20 bytes)   inline
                                @ 13   java.lang.System::currentTimeMillis (0 bytes)   intrinsic
                              @ 56   harness.HarnessV2$Order::calcTotal (49 bytes)   callee is too large
                              @ 60   harness.HarnessV2$Order::calcDiscount (20 bytes)   callee uses too much stack
                              @ 64   harness.HarnessV2$Order::calcTax (22 bytes)   callee uses too much stack
                              @ 68   harness.HarnessV2$Order::grandTotal (15 bytes)   inline
420  603       3       harness.HarnessV2$Order::calcTotal (49 bytes)
                              @ 6   java.util.List::iterator (0 bytes)   no static binding
                              @ 13   java.util.Iterator::hasNext (0 bytes)   no static binding
                              @ 22   java.util.Iterator::next (0 bytes)   no static binding
                              @ 35   harness.HarnessV2$Item::price (5 bytes)   inline
420  592       3       java.util.ArrayList::<init> (12 bytes)
                              @ 1   java.util.AbstractList::<init> (10 bytes)   inline
420  613       4       java.util.ArrayList$Itr::hasNext (20 bytes)
                                @ 1   java.util.AbstractCollection::<init> (5 bytes)   inline
                                  @ 1   java.lang.Object::<init> (1 bytes)   inline
420  593       3       java.util.ArrayList::iterator (9 bytes)
                              @ 5   java.util.ArrayList$Itr::<init> (26 bytes)   inline
                                @ 6   java.lang.Object::<init> (1 bytes)   inline
421  594       3       java.util.ArrayList$Itr::<init> (26 bytes)
                          421  355       3       java.util.ArrayList$Itr::hasNext (20 bytes)   made not entrant
421  614       4       java.util.ImmutableCollections$ListItr::hasNext (17 bytes)
    @ 6   java.lang.Object::<init> (1 bytes)   inline
421  596       3       java.util.ImmutableCollections$ListN::size (6 bytes)
421  597       3       java.util.ImmutableCollections$AbstractImmutableList::iterator (13 bytes)
                              @ 6   java.util.AbstractCollection::size (0 bytes)   no static binding
                              @ 9   java.util.ImmutableCollections$ListItr::421  588       3       java.util.ImmutableCollections$ListItr::hasNext (17 bytes)   made not entrant
<init> (25 bytes)   inline
421  615       4       java.util.ArrayList$Itr::next (66 bytes)
                                @ 1   java.lang.Object::<init> (1 bytes)   inline
421  598       3       java.util.ImmutableCollections$ListItr::<init> (25 bytes)
                              @ 1   java.lang.Object::<init> (1 bytes)   inline
421  599       3       harness.JavaBench::dishonestNoTimestamp (33 bytes)
                              @ 19   java.util.List::get (0 bytes)   no static binding
                              @ 29   harness.HarnessV2::dishonestScenario (72 bytes)   callee is too large
422  601       3       harness.HarnessV2$Order::<init> (42 bytes)
                              @ 1   java.lang.Object::<init> (1 bytes)   inline
                              @ 25   java.util.ArrayList::<init> (61 bytes)   callee is too large
                              @ 35   java.util.ArrayList::<init> (12 bytes)   inline
                                @ 1   java.util.AbstractList::<init> (10 bytes)   inline
                                  @ 1   java.util.AbstractCollection::<init> (5 bytes)   inline
                                    @ 1   java.lang.Object::<init> (1 bytes)   inline
422  602       3       harness.HarnessV2$Order::applyCoupon (20 bytes)
422  583       3       java.util.ArrayList$Itr::next (66 bytes)   made not entrant
                              @ 1   java.util.ArrayList$Itr::checkForComodification (23 bytes)   inline (hot)
             422  616       4       java.util.ArrayList::add (25 bytes)
                 @ 13   java.lang.System::currentTimeMillis (0 bytes)   intrinsic
422  604       3       harness.HarnessV2$Order::calcDiscount (20 bytes)
                              @ 5   harness.HarnessV2$CouponRegistry::getInstance (20 bytes)   inline
                                @ 10   harness.HarnessV2$CouponRegistry::<init> (5 bytes)   inline
                                  @ 1   java.lang.Object::<init> (1 bytes)   inline
                              @ 12   harness.HarnessV2$CouponRegistry::lookup (17 bytes)   inline
                                @ 3   java.lang.String::equals (56 bytes)   callee is too large
423  605       3       harness.HarnessV2$CouponRegistry::getInstance (20 bytes)
                              @ 10   harness.HarnessV2$CouponRegistry::<init> (5 bytes)   inline
                                @ 1   java.lang.Object::<init> (1 bytes)   inline
423  606       3       harness.HarnessV2$CouponRegistry::lookup (17 bytes)
                              @ 3   java.lang.String::equals (56 bytes)   callee is too large
423  607       3       harness.HarnessV2$Order::calcTax (22 bytes)
                              @ 1   harness.HarnessV2$TaxService::getInstance (20 bytes)   inline
                                @ 10   harness.HarnessV2$TaxService::<init> (5 bytes)   inline
                                  @ 1   java.lang.Object::<init> (1 bytes)   inline
                              @ 15   harness.HarnessV2$TaxService::calculate (21 bytes)   inline
                                @ 4   java.lang.String::equals (56 bytes)   callee is too large
424  608       3       harness.HarnessV2$TaxService::getInstance (20 bytes)
                              @ 10   harness.HarnessV2$TaxService::<init> (5 bytes)   inline
                                @ 1   java.lang.Object::<init> (1 bytes)   inline
424  609       3       harness.HarnessV2$TaxService::calculate (21 bytes)
                              @ 4   java.lang.String::equals (56 bytes)   callee is too large
424  610       3       harness.HarnessV2$Order::grandTotal (15 bytes)
424  611       3       org.openjdk.jmh.infra.Blackhole::consume (19 bytes)
                              @ 7   org.openjdk.jmh.infra.Blackhole::consumeCompiler (1 bytes)   intrinsic
424  612       3       org.openjdk.jmh.infra.Blackhole::consumeCompiler (1 bytes)
427  401       3       java.util.ArrayList::add (25 bytes)   made not entrant
                              @ 20   java.util.ArrayList::add (23 bytes)   inline (hot)
                                @ 7   java.util.ArrayList::grow (11 bytes)   inline (hot)
                                  @ 7   java.util.ArrayList::grow (60 bytes)   inline (hot)
                                    @ 49   java.lang.Math::max (11 bytes)   (intrinsic)
                                    @ 27   jdk.internal.util.ArraysSupport::newLength (27 bytes)   low call site frequency
                                    @ 37   java.util.Arrays::copyOf (10 bytes)   low call site frequency
428  619       4       harness.HarnessV2::dishonestScenario (72 bytes)
428  620       4       harness.HarnessV2$Order::calcTotal (49 bytes)
428  617   !   4       java.util.ImmutableCollections$ListItr::next (34 bytes)
430  590   !   3       java.util.ImmutableCollections$ListItr::next (34 bytes)   made not entrant
                              @ 10   java.util.ImmutableCollections$ListN::get (7 bytes)   inline (hot)
                               \-> TypeProfile (36582/36582 counts) = java/util/ImmutableCollections$ListN
430  621       4       java.util.ArrayList::get (15 bytes)
432  589       3       java.util.ArrayList::get (15 bytes)   made not entrant
                              @ 5   java.util.Objects::checkIndex (7 bytes)   force inline by annotation
                                @ 3   jdk.internal.util.Preconditions::checkIndex (18 bytes)   (intrinsic)
                              @ 11   java.util.ArrayList::elementData (7 bytes)   inline (hot)
432  623       4       java.util.ArrayList::iterator (9 bytes)
433  593       3       java.util.ArrayList::iterator (9 bytes)   made not entrant
                              @ 5   java.util.ArrayList$Itr::<init> (26 bytes)   inline (hot)
                                @ 6   java.lang.Object::<init> (1 bytes)   inline (hot)
433  618       4       java.util.ImmutableCollections$ListN::size (6 bytes)
434  596       3       java.util.ImmutableCollections$ListN::size (6 bytes)   made not entrant
434  624       4       java.util.ImmutableCollections$AbstractImmutableList::iterator (13 bytes)
438  597       3       java.util.ImmutableCollections$AbstractImmutableList::iterator (13 bytes)   made not entrant
                              @ 6   java.util.ImmutableCollections$ListN::size (6 bytes)   inline (hot)
                               \-> TypeProfile (22255/22255 counts) = java/util/ImmutableCollections$ListN
                              @ 9   java.util.ImmutableCollections$ListItr::<init> (25 bytes)   inline (hot)
                                @ 1   java.lang.Object::<init> (1 bytes)   inline (hot)
438  625       4       harness.JavaBench::dishonestNoTimestamp (33 bytes)
438  603       3       harness.HarnessV2$Order::calcTotal (49 bytes)   made not entrant
                              @ 6   java.util.ArrayList::iterator (9 bytes)   inline (hot)
                               \-> TypeProfile (11703/11703 counts) = java/util/ArrayList
                                @ 5   java.util.ArrayList$Itr::<init> (26 bytes)   inline (hot)
                                  @ 6   java.lang.Object::<init> (1 bytes)   inline (hot)
                              @ 13   java.util.ArrayList$Itr::hasNext (20 bytes)   inline (hot)
                              @ 22   java.util.ArrayList$Itr::next (66 bytes)   inline (hot)
                                @ 1   java.util.ArrayList$Itr::checkForComodification (23 bytes)   inline (hot)
                              @ 35   harness.HarnessV2$Item::price (5 bytes)   accessor
                              @ 13   java.util.ArrayList$Itr::hasNext (20 bytes)   inline (hot)
439  626       4       harness.HarnessV2$Order::<init> (42 bytes)
443  601       3       harness.HarnessV2$Order::<init> (42 bytes)   made not entrant
                              @ 1   java.lang.Object::<init> (1 bytes)   inline (hot)
                              @ 35   java.util.ArrayList::<init> (12 bytes)   inline (hot)
                                @ 1   java.util.AbstractList::<init> (10 bytes)   inline (hot)
                                  @ 1   java.util.AbstractCollection::<init> (5 bytes)   inline (hot)
                                    @ 1   java.lang.Object::<init> (1 bytes)   inline (hot)
443  627       4       harness.HarnessV2$Order::calcDiscount (20 bytes)
446  604       3       harness.HarnessV2$Order::calcDiscount (20 bytes)   made not entrant
                              @ 5   harness.HarnessV2$CouponRegistry::getInstance (20 bytes)   inline (hot)
                              @ 12   harness.HarnessV2$CouponRegistry::lookup (17 bytes)   inline (hot)
                                @ 3   java.lang.String::equals (56 bytes)   inline (hot)
                                  @ 44   java.lang.StringLatin1::equals (36 bytes)   (intrinsic)
446  628       4       harness.HarnessV2$Order::calcTax (22 bytes)
447  607       3       harness.HarnessV2$Order::calcTax (22 bytes)   made not entrant
                              @ 1   harness.HarnessV2$TaxService::getInstance (20 bytes)   inline (hot)
                              @ 15   harness.HarnessV2$TaxService::calculate (21 bytes)   inline (hot)
                                @ 4   java.lang.String::equals (56 bytes)   inline (hot)
448  629       4       org.openjdk.jmh.infra.Blackhole::consume (19 bytes)
448  611       3       org.openjdk.jmh.infra.Blackhole::consume (19 bytes)   made not entrant
                              @ 7   org.openjdk.jmh.infra.Blackhole::consumeCompiler (1 bytes)   (intrinsic)
449  622       4       java.util.ArrayList::grow (60 bytes)
454  585       3       java.util.ArrayList::grow (60 bytes)   made not entrant
                              @ 49   java.lang.Math::max (11 bytes)   (intrinsic)
                              @ 27   jdk.internal.util.ArraysSupport::newLength (27 bytes)   low call site frequency
                              @ 37   java.util.Arrays::copyOf (10 bytes)   low call site frequency
455  630 %     3       harness.jmh_generated.JavaBench_dishonestNoTimestamp_jmhTest::dishonestNoTimestamp_avgt_jmhStub @ 13 (57 bytes)
455  600       3       harness.HarnessV2::dishonestScenario (72 bytes)   made not entrant
                              @ 6   harness.HarnessV2$Order::<init> (42 bytes)   inline (hot)
                                @ 1   java.lang.Object::<init> (1 bytes)   inline (hot)
                                @ 35   java.util.ArrayList::<init> (12 bytes)   inline (hot)
                                  @ 1   java.util.AbstractList::<init> (10 bytes)   inline (hot)
                                    @ 1   java.util.AbstractCollection::<init> (5 bytes)   inline (hot)
                                      @ 1   java.lang.Object::<init> (1 bytes)   inline (hot)
                              @ 11   java.util.ImmutableCollections$AbstractImmutableList::iterator (13 bytes)   inline (hot)
                               \-> TypeProfile (11577/11577 counts) = java/util/ImmutableCollections$ListN
                                @ 6   java.util.ImmutableCollections$ListN::size (6 bytes)   inline (hot)
                                @ 9   java.util.ImmutableCollections$ListItr::<init> (25 bytes)   inline (hot)
                                  @ 1   java.lang.Object::<init> (1 bytes)   inline (hot)
                              @ 20   java.util.ImmutableCollections$ListItr::hasNext (17 bytes)   inline (hot)
               !              @ 30   java.util.ImmutableCollections$ListItr::next (34 bytes)   inline (hot)
                                @ 10   java.util.ImmutableCollections$ListN::get (7 bytes)   inline (hot)
                                 \-> TypeProfile (39003/39003 counts) = java/util/ImmutableCollections$ListN
                              @ 43   harness.HarnessV2$Order::addItem (26 bytes)   inline (hot)
                                @ 5   java.util.ArrayList::add (25 bytes)   inline (hot)
                                 \-> TypeProfile (39002/39002 counts) = java/util/ArrayList
                                  @ 20   java.util.ArrayList::add (23 bytes)   inline (hot)
                                    @ 7   java.util.ArrayList::grow (11 bytes)   inline (hot)
                                      @ 7   java.util.ArrayList::grow (60 bytes)   inline (hot)
                                        @ 49   java.lang.Math::max (11 bytes)   (intrinsic)
                                        @ 27   jdk.internal.util.ArraysSupport::newLength (27 bytes)   low call site frequency
                                        @ 37   java.util.Arrays::copyOf (10 bytes)   low call site frequency
                              @ 20   java.util.ImmutableCollections$ListItr::hasNext (17 bytes)   inline (hot)
                              @ 52   harness.HarnessV2$Order::applyCoupon (20 bytes)   inline (hot)
                              @ 56   harness.HarnessV2$Order::calcTotal (49 bytes)   inline (hot)
                                @ 6   java.util.ArrayList::iterator (9 bytes)   inline (hot)
                                 \-> TypeProfile (12660/12660 counts) = java/util/ArrayList
                                  @ 5   java.util.ArrayList$Itr::<init> (26 bytes)   inline (hot)
                                    @ 6   java.lang.Object::<init> (1 bytes)   inline (hot)
                                @ 13   java.util.ArrayList$Itr::hasNext (20 bytes)   inline (hot)
                                @ 22   java.util.ArrayList$Itr::next (66 bytes)   inline (hot)
                                  @ 1   java.util.ArrayList$Itr::checkForComodification (23 bytes)   inline (hot)
                                @ 35   harness.HarnessV2$Item::price (5 bytes)   accessor
                                @ 13   java.util.ArrayList$Itr::hasNext (20 bytes)   inline (hot)
                              @ 60   harness.HarnessV2$Order::calcDiscount (20 bytes)   inline (hot)
                                @ 5   harness.HarnessV2$CouponRegistry::getInstance (20 bytes)   inline (hot)
                                @ 12   harness.HarnessV2$CouponRegistry::lookup (17 bytes)   inline (hot)
                                  @ 3   java.lang.String::equals (56 bytes)   inline (hot)
                                    @ 44   java.lang.StringLatin1::equals (36 bytes)   (intrinsic)
                              @ 64   harness.HarnessV2$Order::calcTax (22 bytes)   inline (hot)
                                @ 1   harness.HarnessV2$TaxService::getInstance (20 bytes)   inline (hot)
                                @ 15   harness.HarnessV2$TaxService::calculate (21 bytes)   inline (hot)
                                  @ 4   java.lang.String::equals (56 bytes)   inline (hot)
                              @ 68   harness.HarnessV2$Order::grandTotal (15 bytes)   inline (hot)
                              @ 7   java.lang.System::nanoTime (0 bytes)   intrinsic
                              @ 17   harness.JavaBench::dishonestNoTimestamp (33 bytes)   force inline by CompileCommand
                                @ 19   java.util.List::get (0 bytes)   no static binding
                                @ 29   harness.HarnessV2::dishonestScenario (72 bytes)   callee is too large
                              @ 20   org.openjdk.jmh.infra.Blackhole::consume (19 bytes)   force inline by CompileCommand
                                @ 7   org.openjdk.jmh.infra.Blackhole::consumeCompiler (1 bytes)   intrinsic
                              @ 37   java.lang.System::nanoTime (0 bytes)   intrinsic
456  631       3       harness.jmh_generated.JavaBench_dishonestNoTimestamp_jmhTest::dishonestNoTimestamp_avgt_jmhStub (57 bytes)
                              @ 7   java.lang.System::nanoTime (0 bytes)   intrinsic
                              @ 17   harness.JavaBench::dishonestNoTimestamp (33 bytes)   force inline by CompileCommand
                                @ 19   java.util.List::get (0 bytes)   no static binding
                                @ 29   harness.HarnessV2::dishonestScenario (72 bytes)   callee is too large
                              @ 20   org.openjdk.jmh.infra.Blackhole::consume (19 bytes)   force inline by CompileCommand
                                @ 7   org.openjdk.jmh.infra.Blackhole::consumeCompiler (1 bytes)   intrinsic
                              @ 37   java.lang.System::nanoTime (0 bytes)   intrinsic
466  632     n 0       java.lang.Object::notifyAll (native)   
466  633 %     4       harness.jmh_generated.JavaBench_dishonestNoTimestamp_jmhTest::dishonestNoTimestamp_avgt_jmhStub @ 13 (57 bytes)
471  630 %     3       harness.jmh_generated.JavaBench_dishonestNoTimestamp_jmhTest::dishonestNoTimestamp_avgt_jmhStub @ 13 (57 bytes)   made not entrant
                              @ 17   harness.JavaBench::dishonestNoTimestamp (33 bytes)   force inline by CompileCommand
                                @ 19   java.util.ArrayList::get (15 bytes)   inline (hot)
                                 \-> TypeProfile (109364/109364 counts) = java/util/ArrayList
                                  @ 5   java.util.Objects::checkIndex (7 bytes)   force inline by annotation
                                    @ 3   jdk.internal.util.Preconditions::checkIndex (18 bytes)   (intrinsic)
                                  @ 11   java.util.ArrayList::elementData (7 bytes)   inline (hot)
                                @ 29   harness.HarnessV2::dishonestScenario (72 bytes)   already compiled into a big method
                              @ 20   org.openjdk.jmh.infra.Blackhole::consume (19 bytes)   force inline by CompileCommand
                                @ 7   org.openjdk.jmh.infra.Blackhole::consumeCompiler (1 bytes)   (intrinsic)
483  599       3       harness.JavaBench::dishonestNoTimestamp (33 bytes)   made not entrant
                              @ 19   java.util.ArrayList::get (15 bytes)   inline (hot)
                               \-> TypeProfile (27294/27294 counts) = java/util/ArrayList
                                @ 5   java.util.Objects::checkIndex (7 bytes)   force inline by annotation
                                  @ 3   jdk.internal.util.Preconditions::checkIndex (18 bytes)   (intrinsic)
                                @ 11   java.util.ArrayList::elementData (7 bytes)   inline (hot)
                              @ 29   harness.HarnessV2::dishonestScenario (72 bytes)   inline (hot)
                                @ 6   harness.HarnessV2$Order::<init> (42 bytes)   inline (hot)
                                  @ 1   java.lang.Object::<init> (1 bytes)   inline (hot)
                                  @ 35   java.util.ArrayList::<init> (12 bytes)   inline (hot)
                                    @ 1   java.util.AbstractList::<init> (10 bytes)   inline (hot)
                                      @ 1   java.util.AbstractCollection::<init> (5 bytes)   inline (hot)
                                        @ 1   java.lang.Object::<init> (1 bytes)   inline (hot)
                                @ 11   java.util.ImmutableCollections$AbstractImmutableList::iterator (13 bytes)   inline (hot)
                                  @ 6   java.util.ImmutableCollections$ListN::size (6 bytes)   inline (hot)
                                  @ 9   java.util.ImmutableCollections$ListItr::<init> (25 bytes)   inline (hot)
                                    @ 1   java.lang.Object::<init> (1 bytes)   inline (hot)
                                @ 20   java.util.ImmutableCollections$ListItr::hasNext (17 bytes)   inline (hot)
               !                @ 30   java.util.ImmutableCollections$ListItr::next (34 bytes)   inline (hot)
                                  @ 10   java.util.ImmutableCollections$ListN::get (7 bytes)   inline (hot)
                                   \-> TypeProfile (39003/39003 counts) = java/util/ImmutableCollections$ListN
                                @ 43   harness.HarnessV2$Order::addItem (26 bytes)   inline (hot)
                                  @ 5   java.util.ArrayList::add (25 bytes)   inline (hot)
                                   \-> TypeProfile (101624/101624 counts) = java/util/ArrayList
                                    @ 20   java.util.ArrayList::add (23 bytes)   inline (hot)
                                      @ 7   java.util.ArrayList::grow (11 bytes)   inline (hot)
                                        @ 7   java.util.ArrayList::grow (60 bytes)   inline (hot)
                                          @ 49   java.lang.Math::max (11 bytes)   (intrinsic)
                                          @ 27   jdk.internal.util.ArraysSupport::newLength (27 bytes)   low call site frequency
                                          @ 37   java.util.Arrays::copyOf (10 bytes)   low call site frequency
                                @ 20   java.util.ImmutableCollections$ListItr::hasNext (17 bytes)   inline (hot)
                                @ 52   harness.HarnessV2$Order::applyCoupon (20 bytes)   inline (hot)
                                @ 56   harness.HarnessV2$Order::calcTotal (49 bytes)   inline (hot)
                                  @ 6   java.util.ArrayList::iterator (9 bytes)   inline (hot)
                                   \-> TypeProfile (28569/28569 counts) = java/util/ArrayList
                                    @ 5   java.util.ArrayList$Itr::<init> (26 bytes)   inline (hot)
                                      @ 6   java.lang.Object::<init> (1 bytes)   inline (hot)
                                  @ 13   java.util.ArrayList$Itr::hasNext (20 bytes)   inline (hot)
                                  @ 22   java.util.ArrayList$Itr::next (66 bytes)   inline (hot)
                                    @ 1   java.util.ArrayList$Itr::checkForComodification (23 bytes)   inline (hot)
                                  @ 35   harness.HarnessV2$Item::price (5 bytes)   accessor
                                  @ 13   java.util.ArrayList$Itr::hasNext (20 bytes)   inline (hot)
                                @ 60   harness.HarnessV2$Order::calcDiscount (20 bytes)   inline (hot)
                                  @ 5   harness.HarnessV2$CouponRegistry::getInstance (20 bytes)   inline (hot)
                                  @ 12   harness.HarnessV2$CouponRegistry::lookup (17 bytes)   inline (hot)
                                    @ 3   java.lang.String::equals (56 bytes)   inline (hot)
                                      @ 44   java.lang.StringLatin1::equals (36 bytes)   (intrinsic)
                                @ 64   harness.HarnessV2$Order::calcTax (22 bytes)   inline (hot)
                                  @ 1   harness.HarnessV2$TaxService::getInstance (20 bytes)   inline (hot)
                                  @ 15   harness.HarnessV2$TaxService::calculate (21 bytes)   inline (hot)
                                    @ 4   java.lang.String::equals (56 bytes)   inline (hot)
                                @ 68   harness.HarnessV2$Order::grandTotal (15 bytes)   inline (hot)
1417  633 %     4       harness.jmh_generated.JavaBench_dishonestNoTimestamp_jmhTest::dishonestNoTimestamp_avgt_jmhStub @ 13 (57 bytes)   made not entrant
1418  634       4       java.lang.String::toString (2 bytes)
1418  166       3       java.lang.String::toString (2 bytes)   made not entrant
1418  635       1       java.util.LinkedHashMap::removeEldestEntry (2 bytes)
1418  636       3       java.util.jar.Manifest$FastInputStream::readLine (296 bytes)
                              @ 32   java.util.jar.Manifest$FastInputStream::fill (38 bytes)   callee is too large
                              @ 165   java.lang.System::arraycopy (0 bytes)   intrinsic
                              @ 224   java.util.jar.Manifest$FastInputStream::fill (38 bytes)   callee is too large
1419  640       3       java.util.jar.JarFile::maybeInstantiateVerifier (42 bytes)
                              @ 20   java.util.zip.ZipFile$1::getManifestName (6 bytes)   inline
               !m               @ 2   java.util.zip.ZipFile::getManifestName (61 bytes)   callee is too large
                              @ 31   java.util.jar.JarFile::getManifest (5 bytes)   inline
               !                @ 1   java.util.jar.JarFile::getManifestFromReference (197 bytes)   callee is too large
1420  641   !   3       java.util.zip.ZipFile::getEntry (59 bytes)
                              @ 3   java.util.Objects::requireNonNull (15 bytes)   force inline by annotation
                                @ 9   java.lang.NullPointerException::<init> (6 bytes)   don't inline Throwable constructors
                              @ 14   java.util.zip.ZipFile::ensureOpen (40 bytes)   callee is too large
                              @ 26   java.util.zip.ZipFile$Source::getEntryPos (164 bytes)   callee is too large
                              @ 41   java.util.zip.ZipFile::getZipEntry (322 bytes)   callee is too large
1420  642   !   3       jdk.internal.loader.URLClassPath$JarLoader::getResource (40 bytes)
               !              @ 1   jdk.internal.loader.URLClassPath$JarLoader::ensureOpen (36 bytes)   callee is too large
                              @ 13   java.lang.InternalError::<init> (6 bytes)   callee's klass not linked yet
                              @ 22   java.util.jar.JarFile::getJarEntry (9 bytes)   inline
                                @ 2   java.util.jar.JarFile::getEntry (35 bytes)   callee is too large
               !              @ 34   jdk.internal.loader.URLClassPath$JarLoader::checkResource (73 bytes)   callee is too large
1421  637       1       java.util.jar.Manifest::getEntries (5 bytes)
1421  638       1       java.util.jar.Manifest::getMainAttributes (5 bytes)
1421  639       1       java.util.zip.ZipEntry::getCrc (5 bytes)
1421  643       3       java.util.zip.ZipCoder::hash (36 bytes)
                              @ 1   java.lang.String::hashCode (60 bytes)   callee is too large
                              @ 6   java.lang.String::length (11 bytes)   inline
                                @ 6   java.lang.String::coder (15 bytes)   inline
                              @ 18   java.lang.String::charAt (25 bytes)   inline
                                @ 1   java.lang.String::isLatin1 (19 bytes)   inline
                                @ 12   java.lang.StringLatin1::charAt (15 bytes)   inline
                                  @ 3   java.lang.String::checkIndex (10 bytes)   inline
                                    @ 5   jdk.internal.util.Preconditions::checkIndex (18 bytes)   intrinsic
                                @ 21   java.lang.StringUTF16::charAt (11 bytes)   inline
                                  @ 2   java.lang.StringUTF16::checkIndex (9 bytes)   inline
                                    @ 2   java.lang.StringUTF16::length (5 bytes)   inline
                                    @ 5   java.lang.String::checkIndex (10 bytes)   inline
                                      @ 5   jdk.internal.util.Preconditions::checkIndex (18 bytes)   intrinsic
                                  @ 7   java.lang.StringUTF16::getChar (60 bytes)   intrinsic
1422  644       3       sun.invoke.util.Wrapper::isSingleWord (15 bytes)
1422  645     n 0       java.lang.invoke.MethodHandle::linkToStatic(LLIIL)I (native)   (static)
1422  646     n 0       java.lang.invoke.MethodHandle::linkToStatic(LLIL)V (native)   (static)
1422  647       3       java.lang.ClassLoader::getClassLoadingLock (35 bytes)
                              @ 13   java.lang.Object::<init> (1 bytes)   inline
                              @ 23   java.util.concurrent.ConcurrentHashMap::putIfAbsent (8 bytes)   inline
               !m               @ 4   java.util.concurrent.ConcurrentHashMap::putVal (432 bytes)   callee is too large
1423  648       3       jdk.internal.loader.BuiltinClassLoader::findLoadedModule (33 bytes)
                              @ 3   java.lang.String::lastIndexOf (12 bytes)   inline
                                @ 3   java.lang.String::length (11 bytes)   inline
                                  @ 6   java.lang.String::coder (15 bytes)   inline
                                @ 8   java.lang.String::lastIndexOf (29 bytes)   inline
                                  @ 1   java.lang.String::isLatin1 (19 bytes)   inline
                                  @ 13   java.lang.StringLatin1::lastIndexOf (40 bytes)   callee is too large
                                  @ 25   java.lang.StringUTF16::lastIndexOf (47 bytes)   callee is too large
                              @ 16   java.lang.String::substring (58 bytes)   callee is too large
                              @ 24   java.util.concurrent.ConcurrentHashMap::get (162 bytes)   callee is too large
1424  649       1       java.lang.reflect.Constructor::getDeclaringClass (5 bytes)
1424  651       3       java.lang.invoke.LambdaForm::uncustomize (57 bytes)
               !              @ 52   java.lang.invoke.LambdaForm::compileToBytecode (164 bytes)   callee is too large
1424  652       3       java.lang.invoke.Invokers$Holder::linkToTargetMethod (8 bytes)
                              @ 4   java.lang.invoke.MethodHandle::invokeBasic()L (0 bytes)   receiver not constant
1424  653       3       java.lang.invoke.VarHandleByteArrayAsShorts$ArrayHandle::set (39 bytes)
                              @ 20   java.lang.invoke.VarHandleByteArrayAsShorts$ArrayHandle::index (12 bytes)   force inline by annotation
                                @ 8   jdk.internal.util.Preconditions::checkIndex (18 bytes)   intrinsic
                              @ 35   jdk.internal.misc.Unsafe::putShortUnaligned (14 bytes)   callee uses too much stack
1425  650       3       java.lang.invoke.MethodTypeForm::cachedLambdaForm (23 bytes)
                              @ 12   java.lang.ref.SoftReference::get (29 bytes)   callee uses too much stack
1425  657       3       jdk.internal.reflect.ClassFileAssembler::getLength (11 bytes)
1425  658     n 0       jdk.internal.misc.Unsafe::allocateInstance (native)   
                              @ 4   jdk.internal.reflect.ByteVectorImpl::getLength (7 bytes)   inline
1425  654       3       jdk.internal.misc.Unsafe::putShortUnaligned (14 bytes)
                              @ 7   jdk.internal.misc.Unsafe::convEndian (16 bytes)   inline
                                @ 12   java.lang.Short::reverseBytes (14 bytes)   inline
                              @ 10   jdk.internal.misc.Unsafe::putShortUnaligned (37 bytes)   intrinsic
1425  655       3       jdk.internal.misc.Unsafe::putShortUnaligned (37 bytes)
                              @ 13   jdk.internal.misc.Unsafe::putShort (0 bytes)   intrinsic
                              @ 33   jdk.internal.misc.Unsafe::putShortParts (31 bytes)   callee uses too much stack
1426  656       3       java.io.ObjectOutputStream$BlockDataOutputStream::writeShort (47 bytes)
                              @ 22   jdk.internal.util.ByteArray::setShort (10 bytes)   inline
                                @ 6   java.lang.invoke.VarHandleGuards::guard_LII_V (135 bytes)   force inline by annotation
                                  @ 3   java.lang.invoke.VarHandle::checkAccessModeThenIsDirect (29 bytes)   force inline by annotation
                                  @ 47   java.lang.invoke.VarForm::getMemberName (38 bytes)   force inline by annotation
                                  @ 50   java.lang.invoke.VarHandleByteArrayAsShorts$ArrayHandle::set (39 bytes)   force inline by annotation
                                    @ 20   java.lang.invoke.VarHandleByteArrayAsShorts$ArrayHandle::index (12 bytes)   force inline by annotation
                                      @ 8   jdk.internal.util.Preconditions::checkIndex (18 bytes)   intrinsic
                                    @ 35   jdk.internal.misc.Unsafe::putShortUnaligned (14 bytes)   callee uses too much stack
                              @ 43   java.io.DataOutputStream::writeShort (28 bytes)   inline
                                @ 6   jdk.internal.util.ByteArray::setUnsignedShort (12 bytes)   inline
                                  @ 8   java.lang.invoke.VarHandleGuards::guard_LII_V (135 bytes)   force inline by annotation
                                    @ 3   java.lang.invoke.VarHandle::checkAccessModeThenIsDirect (29 bytes)   force inline by annotation
                                    @ 47   java.lang.invoke.VarForm::getMemberName (38 bytes)   force inline by annotation1426  661       4       jdk.internal.reflect.ClassFileAssembler::emitShort (24 bytes)

                                    @ 50   java.lang.invoke.VarHandleByteArrayAsShorts$ArrayHandle::set (39 bytes)   force inline by annotation
                                      @ 20   java.lang.invoke.VarHandleByteArrayAsShorts$ArrayHandle::index (12 bytes)   force inline by annotation
                                        @ 8   jdk.internal.util.Preconditions::checkIndex (18 bytes)   intrinsic
                                      @ 35   jdk.internal.misc.Unsafe::putShortUnaligned (14 bytes)   callee uses too much stack
                                @ 19   java.io.OutputStream::write (34 bytes)   no static binding
                                @ 24   java.io.DataOutputStream::incCount (20 bytes)   inline
1427  662       3       jdk.internal.reflect.ClassFileAssembler::incStack (11 bytes)
                              @ 7   jdk.internal.reflect.ClassFileAssembler::setStack (25 bytes)   inline
1427  660       3       java.lang.invoke.MemberName::getMethodOrFieldType (72 bytes)
                              @ 1   java.lang.invoke.MemberName::isInvocable (8 bytes)   inline
                                @ 4   java.lang.invoke.MemberName::anyFlagSet (15 bytes)   inline
               !m             @ 8   java.lang.invoke.MemberName::getMethodType (211 bytes)   callee is too large
                              @ 13   java.lang.invoke.MemberName::isGetter (8 bytes)   inline
                                @ 1   java.lang.invoke.MemberName::getReferenceKind (12 bytes)   inline
                                @ 4   java.lang.invoke.MethodHandleNatives::refKindIsGetter (32 bytes)   callee is too large
               !m             @ 20   java.lang.invoke.MemberName::getFieldType (176 bytes)   callee is too large
                              @ 23   java.lang.invoke.MethodType::methodType (21 bytes)   inline
                                @ 8   java.lang.invoke.MethodType::genericMethodType (95 bytes)   callee is too large
                                @ 17   java.lang.invoke.MethodType::makeImpl (109 bytes)   callee is too large
                              @ 28   java.lang.invoke.MemberName::isSetter (8 bytes)   inline
                                @ 1   java.lang.invoke.MemberName::getReferenceKind (12 bytes)   inline
                                @ 4   java.lang.invoke.MethodHandleNatives::refKindIsSetter (20 bytes)   inline
                                  @ 1   java.lang.invoke.MethodHandleNatives::refKindIsField (32 bytes)1428  666     n 0       jdk.internal.reflect.Reflection::getClassAccessFlags (native)   (static)
   callee is too large
                                  @ 8   java.lang.invoke.MethodHandleNatives::refKindIsGetter (32 bytes)   callee is too large
               !m             @ 38   java.lang.invoke.MemberName::getFieldType (176 bytes)   callee is too large
                              @ 41   java.lang.invoke.MethodType::methodType (44 bytes)   callee is too large
                              @ 53   java.lang.StringBuilder::<init> (7 bytes)   inline
                                @ 3   java.lang.AbstractStringBuilder::<init> (39 bytes)   callee is too large
                              @ 58   java.lang.StringBuilder::append (8 bytes)   inline
                                @ 2   java.lang.AbstractStringBuilder::append (45 bytes)   callee is too large
                              @ 62   java.lang.StringBuilder::append (9 bytes)   inline
                                @ 2   java.lang.String::valueOf (15 bytes)   inline
                                  @ 11   java.lang.invoke.MemberName::toString (163 bytes)   callee is too large
                                @ 5   java.lang.StringBuilder::append (8 bytes)   inline
                                  @ 2   java.lang.AbstractStringBuilder::append (45 bytes)   callee is too large
                              @ 65   java.lang.StringBuilder::toString (9 bytes)   inline
                                @ 5   java.lang.String::<init> (7 bytes)   inline
                                  @ 3   java.lang.String::<init> (98 bytes)   callee is too large
                              @ 68   java.lang.InternalError::<init> (6 bytes)   callee's klass not linked yet
1429  665       3       java.io.ObjectOutputStream$BlockDataOutputStream::writeByte (33 bytes)
                              @ 11   java.io.ObjectOutputStream$BlockDataOutputStream::drain (45 bytes)   callee is too large
1429  659       1       java.lang.ClassValue::version (5 bytes)
1429  663       1       java.util.Spliterators$ArraySpliterator::characteristics (5 bytes)
1429  664       1       java.util.stream.Collectors$CollectorImpl::characteristics (5 bytes)
1429  668       1       java.util.Collections$EmptySet::contains (2 bytes)
1429  669       3       java.io.ObjectOutputStream$BlockDataOutputStream::getUTFLength (124 bytes)
                              @ 1   java.lang.String::length (11 bytes)   inline
                                @ 6   java.lang.String::coder (15 bytes)   inline
                              @ 23   java.lang.Math::min (11 bytes)   inline
                              @ 41   java.lang.String::getChars (55 bytes)   callee is too large
1430  671       3       java.io.ObjectOutputStream$BlockDataOutputStream::writeBytes (144 bytes)
                              @ 1   java.lang.String::length (11 bytes)   inline
                                @ 6   java.lang.String::coder (15 bytes)   inline
                              @ 34   java.lang.Math::min (11 bytes)   inline
                              @ 52   java.lang.String::getChars (55 bytes)   callee is too large
                              @ 66   java.io.ObjectOutputStream$BlockDataOutputStream::drain (45 bytes)   callee is too large
                              @ 81   java.lang.Math::min (11 bytes)   inline
1431  670       3       java.io.ObjectOutputStream$BlockDataOutputStream::writeUTF (46 bytes)
                              @ 12  java/io/UTFDataFormatException::<init> (not loaded)   not inlineable
                              @ 19   java.io.ObjectOutputStream$BlockDataOutputStream::writeShort (47 bytes)   callee is too large
                              @ 24   java.lang.String::length (11 bytes)   inline
                                @ 6   java.lang.String::coder (15 bytes)   inline
                              @ 34   java.io.ObjectOutputStream$BlockDataOutputStream::writeBytes (144 bytes)   callee is too large
                              @ 42   java.io.ObjectOutputStream$BlockDataOutputStream::writeUTFBody (386 bytes)   callee is too large
1432  310       3       jdk.internal.reflect.ClassFileAssembler::emitShort (24 bytes)   made not entrant
                              @ 10   jdk.internal.reflect.ClassFileAssembler::emitByte (11 bytes)   inline (hot)
                                @ 5   jdk.internal.reflect.ByteVectorImpl::add (38 bytes)   inline (hot)
                                 \-> TypeProfile (41491/41491 counts) = jdk/internal/reflect/ByteVectorImpl
                                  @ 24   jdk.internal.reflect.ByteVectorImpl::resize (44 bytes)   too big
                              @ 20   jdk.internal.reflect.ClassFileAssembler::emitByte (11 bytes)   inline (hot)
                                @ 5   jdk.internal.reflect.ByteVectorImpl::add (38 bytes)   inline (hot)
                                 \-> TypeProfile (41491/41491 counts) = jdk/internal/reflect/ByteVectorImpl
                                  @ 24   jdk.internal.reflect.ByteVectorImpl::resize (44 bytes)   too big
1432  667       4       java.lang.StringBuilder::append (8 bytes)
1449  141       3       java.lang.StringBuilder::append (8 bytes)   made not entrant
                              @ 2   java.lang.AbstractStringBuilder::append (45 bytes)   inline (hot)
                                @ 10   java.lang.String::length (11 bytes)   inline (hot)
                                  @ 6   java.lang.String::coder (15 bytes)   inline (hot)
                                @ 21   java.lang.AbstractStringBuilder::ensureCapacityInternal (39 bytes)   inline (hot)
                                  @ 24   java.lang.AbstractStringBuilder::newCapacity (59 bytes)   inline (hot)
                                    @ 29   jdk.internal.util.ArraysSupport::newLength (27 bytes)   inline (hot)
                                      @ 3   java.lang.Math::max (11 bytes)   (intrinsic)
                                  @ 32   java.util.Arrays::copyOf (33 bytes)   inline (hot)
                                    @ 7   java.lang.Object::clone (0 bytes)   native method
                                    @ 7   java.lang.Object::clone (0 bytes)   (intrinsic)
                                    @ 25   java.lang.Math::min (11 bytes)   (intrinsic)
                                    @ 28   java.lang.System::arraycopy (0 bytes)   (intrinsic)
                                @ 30   java.lang.AbstractStringBuilder::putStringAt (19 bytes)   inline (hot)
                                  @ 2   java.lang.AbstractStringBuilder::inflateIfNeededFor (22 bytes)   inline (hot)
                                    @ 11   java.lang.String::coder (15 bytes)   inline (hot)
                                  @ 15   java.lang.String::getBytes (44 bytes)   inline (hot)
                                    @ 1   java.lang.String::coder (15 bytes)   inline (hot)
                                    @ 22   java.lang.System::arraycopy (0 bytes)   (intrinsic)
1451  672 %     4       harness.jmh_generated.JavaBench_dishonestNoTimestamp_jmhTest::dishonestNoTimestamp_avgt_jmhStub @ 13 (57 bytes)
                              @ 17   harness.JavaBench::dishonestNoTimestamp (33 bytes)   force inline by CompileCommand
                                @ 19   java.util.ArrayList::get (15 bytes)   inline (hot)
                                 \-> TypeProfile (248244/248244 counts) = java/util/ArrayList
                                  @ 5   java.util.Objects::checkIndex (7 bytes)   force inline by annotation
                                    @ 3   jdk.internal.util.Preconditions::checkIndex (18 bytes)   (intrinsic)
                                  @ 11   java.util.ArrayList::elementData (7 bytes)   inline (hot)
                                @ 29   harness.HarnessV2::dishonestScenario (72 bytes)   already compiled into a big method
                              @ 20   org.openjdk.jmh.infra.Blackhole::consume (19 bytes)   force inline by CompileCommand
                                @ 7   org.openjdk.jmh.infra.Blackhole::consumeCompiler (1 bytes)   (intrinsic)
                              @ 37   java.lang.System::nanoTime (0 bytes)   (intrinsic)
1459  673       4       harness.jmh_generated.JavaBench_dishonestNoTimestamp_jmhTest::dishonestNoTimestamp_avgt_jmhStub (57 bytes)
1468  631       3       harness.jmh_generated.JavaBench_dishonestNoTimestamp_jmhTest::dishonestNoTimestamp_avgt_jmhStub (57 bytes)   made not entrant
                              @ 7   java.lang.System::nanoTime (0 bytes)   (intrinsic)
                              @ 17   harness.JavaBench::dishonestNoTimestamp (33 bytes)   force inline by CompileCommand
                                @ 19   java.util.ArrayList::get (15 bytes)   inline (hot)
                                 \-> TypeProfile (330754/330754 counts) = java/util/ArrayList
                                  @ 5   java.util.Objects::checkIndex (7 bytes)   force inline by annotation
                                    @ 3   jdk.internal.util.Preconditions::checkIndex (18 bytes)   (intrinsic)
                                  @ 11   java.util.ArrayList::elementData (7 bytes)   inline (hot)
                                @ 29   harness.HarnessV2::dishonestScenario (72 bytes)   already compiled into a big method
                              @ 20   org.openjdk.jmh.infra.Blackhole::consume (19 bytes)   force inline by CompileCommand
                                @ 7   org.openjdk.jmh.infra.Blackhole::consumeCompiler (1 bytes)   (intrinsic)
                              @ 17   harness.JavaBench::dishonestNoTimestamp (33 bytes)   force inline by CompileCommand
                                @ 19   java.util.ArrayList::get (15 bytes)   inline (hot)
                                 \-> TypeProfile (330754/330754 counts) = java/util/ArrayList
                                  @ 5   java.util.Objects::checkIndex (7 bytes)   force inline by annotation
                                    @ 3   jdk.internal.util.Preconditions::checkIndex (18 bytes)   (intrinsic)
                                  @ 11   java.util.ArrayList::elementData (7 bytes)   inline (hot)
                                @ 29   harness.HarnessV2::dishonestScenario (72 bytes)   already compiled into a big method
                              @ 20   org.openjdk.jmh.infra.Blackhole::consume (19 bytes)   force inline by CompileCommand
                                @ 7   org.openjdk.jmh.infra.Blackhole::consumeCompiler (1 bytes)   (intrinsic)
                              @ 37   java.lang.System::nanoTime (0 bytes)   (intrinsic)
54.257 ns/op
# Warmup Iteration   2: 2431  675       3       java.io.ObjectOutputStream$HandleTable::lookup (56 bytes)
                              @ 11   java.io.ObjectOutputStream$HandleTable::hash (8 bytes)   inline
                                @ 1   java.lang.System::identityHashCode (0 bytes)   native method
2431  674       3       java.io.ObjectOutputStream$HandleTable::hash (8 bytes)
                              @ 1   java.lang.System::identityHashCode (0 bytes)   native method
2431  676       3       java.io.ObjectOutputStream$BlockDataOutputStream::setBlockDataMode (35 bytes)
                              @ 14   java.io.ObjectOutputStream$BlockDataOutputStream::drain (45 bytes)   callee is too large
43.221 ns/op
# Warmup Iteration   3: 3432  677       3       java.io.ObjectOutputStream$HandleTable::insert (39 bytes)
                              @ 2   java.io.ObjectOutputStream$HandleTable::hash (8 bytes)   inline
                                @ 1   java.lang.System::identityHashCode (0 bytes)   native method
3432  678       4       java.util.concurrent.locks.AbstractQueuedSynchronizer::compareAndSetState (13 bytes)
                              @ 9   jdk.internal.misc.Unsafe::compareAndSetInt (0 bytes)   (intrinsic)
37.106 ns/op
# Warmup Iteration   4: 4433  679       1       java.io.ObjectStreamClass::getPrimDataSize (5 bytes)
4433  681       3       java.lang.invoke.VarHandleGuards::guard_LII_V (135 bytes)
                              @ 3   java.lang.invoke.VarHandle::checkAccessModeThenIsDirect (29 bytes)   force inline by annotation
                                @ 12   java.lang.invoke.VarHandle::accessModeType (41 bytes)   force inline by annotation
                                  @ 33   java.lang.invoke.VarHandle::accessModeTypeUncached (10 bytes)   inline
                                    @ 1   java.lang.invoke.VarHandle$AccessType::values (10 bytes)   inline
                                      @ 3   java.lang.Object::clone (0 bytes)   no static binding
                                    @ 6   java.lang.invoke.VarHandle::accessModeTypeUncached (0 bytes)   no static binding
                                @ 24   java.lang.invoke.VarHandle::throwWrongMethodTypeException (46 bytes)   don't inline by annotation
41.339 ns/op
                              @ 47   java.lang.invoke.VarForm::getMemberName (38 bytes)   force inline by annotation
                                @ 13   java.lang.invoke.VarForm::resolveMemberName (60 bytes)   don't inline by annotation
                                @ 26   java.lang.invoke.VarHandle$AccessMode::valueFromOrdinal (6 bytes)   inline
                                @ 29   java.lang.invoke.VarHandle$AccessMode::methodName (5 bytes)   inline
                                @ 32  java/lang/UnsupportedOperationException::<init> (not loaded)   not inlineable
                              @ 50   java.lang.invoke.MethodHandle::linkToStatic(LLIIL)V (0 bytes)   MemberName not constant
Iteration   1:                               @ 70   java.lang.invoke.VarForm::getMethodType_V (18 bytes)   force inline by annotation
                                @ 10   java.lang.invoke.VarForm::getMethodType_V_init (49 bytes)   force inline by annotation
                                  @ 0   java.lang.invoke.VarHandle$AccessType::values (10 bytes)   inline
                                    @ 3   java.lang.Object::clone (0 bytes)   no static binding
                                  @ 32   java.lang.invoke.MethodType::changeReturnType (20 bytes)   inline
                                    @ 1   java.lang.invoke.MethodType::returnType (5 bytes)   inline
                                    @ 16   java.lang.invoke.MethodType::methodType (69 bytes)   callee is too large
                              @ 94   java.lang.invoke.VarForm::getMemberName (38 bytes)   force inline by annotation
                                @ 13   java.lang.invoke.VarForm::resolveMemberName (60 bytes)   don't inline by annotation
                                @ 26   java.lang.invoke.VarHandle$AccessMode::valueFromOrdinal (6 bytes)   inline
                                @ 29   java.lang.invoke.VarHandle$AccessMode::methodName (5 bytes)   inline
                                @ 32  java/lang/UnsupportedOperationException::<init> (not loaded)   not inlineable
                              @ 97   java.lang.invoke.MethodHandle::linkToStatic(LLIIL)V (0 bytes)   MemberName not constant
                              @ 109   java.lang.invoke.VarHandle::getMethodHandle (41 bytes)   force inline by annotation
                                @ 33   java.lang.invoke.VarHandle::getMethodHandleUncached (85 bytes)   callee is too large
                              @ 121   java.lang.invoke.MethodHandle::asType (32 bytes)   inline
                                @ 12   java.lang.invoke.MethodHandle::asTypeCached (52 bytes)   callee is too large
                                @ 25   java.lang.invoke.MethodHandle::asTypeUncached (54 bytes)   no static binding
                                @ 28   java.lang.invoke.MethodHandle::setAsTypeCache (33 bytes)   callee is too large
                              @ 125   java.lang.invoke.VarHandle::asDirect (2 bytes)   inline
4435  682     n 0       java.lang.invoke.MethodHandle::invokeBasic(LLII)V (native)   
                              @ 131   java.lang.invoke.MethodHandle::invokeBasic(LLII)V (0 bytes)   receiver not constant
4436  680       1       java.io.ObjectStreamClass::getNumObjFields (5 bytes)
39.736 ns/op
5436  685       3       java.lang.ref.Reference::<init> (7 bytes)
                              @ 3   java.lang.ref.Reference::<init> (25 bytes)   inline
                                @ 1   java.lang.Object::<init> (1 bytes)   inline
5437  683       3       java.lang.ref.SoftReference::<init> (13 bytes)
                              @ 2   java.lang.ref.Reference::<init> (7 bytes)   inline
                                @ 3   java.lang.ref.Reference::<init> (25 bytes)   inline
                                  @ 1   java.lang.Object::<init> (1 bytes)   inline
5437  684       3       java.lang.reflect.Executable::<init> (5 bytes)
                              @ 1   java.lang.reflect.AccessibleObject::<init> (5 bytes)   inline
                                @ 1   java.lang.Object::<init> (1 bytes)   inline
5437  688       3       java.lang.invoke.LambdaForm::prepare (108 bytes)
5437  686       4       java.lang.StringLatin1::replace (198 bytes)
                              @ 7   java.lang.invoke.LambdaForm::forceInterpretation (14 bytes)   inline
               !              @ 21   java.lang.invoke.LambdaForm::compileToBytecode (164 bytes)   callee is too large
                              @ 33   java.lang.invoke.LambdaForm::methodType (48 bytes)   callee is too large
                              @ 38   java.lang.invoke.MethodType::form (5 bytes)   inline
                              @ 43   java.lang.invoke.MethodTypeForm::cachedLambdaForm (23 bytes)   inline
                                @ 12   java.lang.ref.SoftReference::get (29 bytes)   callee uses too much stack
                              @ 76   java.lang.invoke.LambdaForm::createBlankForType (126 bytes)   callee is too large
                              @ 82   java.lang.invoke.InvokerBytecodeGenerator::generateLambdaFormInterpreterEntryPoint (83 bytes)   callee is too large
                              @ 89   java.lang.invoke.MethodType::form (5 bytes)   inline
              s               @ 95   java.lang.invoke.MethodTypeForm::setCachedLambdaForm (44 bytes)   callee is too large
5438  692       3       jdk.internal.util.ArraysSupport::mismatch (73 bytes)
                              @ 33   jdk.internal.util.ArraysSupport::vectorizedMismatch (268 bytes)   intrinsic
5438  689       3       java.lang.String::compareTo (63 bytes)
                              @ 11   java.lang.String::coder (15 bytes)   inline
                              @ 19   java.lang.String::coder (15 bytes)   inline
                              @ 32   java.lang.StringLatin1::compareTo (14 bytes)   callee uses too much stack
                              @ 40   java.lang.StringUTF16::compareTo (18 bytes)   callee uses too much stack
                              @ 51   java.lang.StringLatin1::compareToUTF16 (18 bytes)   callee uses too much stack
                              @ 59   java.lang.StringUTF16::compareToLatin1 (7 bytes)   inline
                                @ 2   java.lang.StringLatin1::compareToUTF16 (18 bytes)   callee uses too much stack
5439  693       3       java.util.concurrent.locks.ReentrantLock::unlock (10 bytes)
                              @ 5   java.util.concurrent.locks.AbstractQueuedSynchronizer::release (19 bytes)   inline
                                @ 2   java.util.concurrent.locks.ReentrantLock$Sync::tryRelease (51 bytes)   callee is too large
                                @ 12   java.util.concurrent.locks.AbstractQueuedSynchronizer::signalNext (34 bytes)   callee is too large
5439  690       3       java.lang.StringLatin1::compareTo (14 bytes)
                              @ 10   java.lang.StringLatin1::compareTo (41 bytes)   callee is too large
5440  691       3       java.lang.StringLatin1::compareTo (41 bytes)
                              @ 2   java.lang.Math::min (11 bytes)   inline
                              @ 11   jdk.internal.util.ArraysSupport::mismatch (73 bytes)   callee is too large
                              @ 30   java.lang.StringLatin1::getChar (9 bytes)   inline
                              @ 36   java.lang.StringLatin1::getChar (9 bytes)   inline
5440  687       1       java.lang.reflect.Constructor::getSharedParameterTypes (5 bytes)
5441  694       3       java.lang.ClassLoader::loadClass (7 bytes)
               !m             @ 3   java.lang.ClassLoader::loadClass (121 bytes)   no static binding
5441  695       3       jdk.internal.loader.ClassLoaders$AppClassLoader::loadClass (40 bytes)
                              @ 0   java.lang.System::getSecurityManager (12 bytes)   inline
                                @ 0   java.lang.System::allowSecurityManager (13 bytes)   inline
                              @ 36   jdk.internal.loader.BuiltinClassLoader::loadClass (22 bytes)   inline
               !m               @ 3   jdk.internal.loader.BuiltinClassLoader::loadClassOrNull (143 bytes)   callee is too large
                                @ 16   java.lang.ClassNotFoundException::<init> (7 bytes)   callee's klass not linked yet
5441  696       3       java.lang.String::equalsIgnoreCase (45 bytes)
                              @ 14   java.lang.String::length (11 bytes)   inline
                                @ 6   java.lang.String::coder (15 bytes)   inline
                              @ 18   java.lang.String::length (11 bytes)   inline
                                @ 6   java.lang.String::coder (15 bytes)   inline
                              @ 30   java.lang.String::length (11 bytes)   inline
                                @ 6   java.lang.String::coder (15 bytes)   inline
                              @ 33   java.lang.String::regionMatches (150 bytes)   callee is too large
5442  698       3       jdk.internal.reflect.ClassFileAssembler::append (30 bytes)
                              @ 4   jdk.internal.reflect.ByteVectorImpl::getLength (7 bytes)   inline
                              @ 15   jdk.internal.reflect.ByteVectorImpl::get (26 bytes)   inline
                                @ 11   jdk.internal.reflect.ByteVectorImpl::resize (44 bytes)   callee is too large
                              @ 20   jdk.internal.reflect.ClassFileAssembler::emitByte (11 bytes)   inline
                                @ 5   jdk.internal.reflect.ByteVectorImpl::add (38 bytes)   callee is too large


Result "harness.JavaBench.dishonestNoTimestamp":
  39.736 ns/op


# Run complete. Total time: 00:00:05

REMEMBER: The numbers below are just data. To gain reusable insights, you need to follow up on
why the numbers are the way they are. Use profilers (see -prof, -lprof), design factorial
experiments, perform baseline and negative tests that provide experimental control, make sure
the benchmarking environment is safe on JVM/OS/HW level, ask for reviews from the domain experts.
Do not assume the numbers tell you what you want them to tell.

NOTE: Current JVM experimentally supports Compiler Blackholes, and they are in use. Please exercise
extra caution when trusting the results, look into the generated code to check the benchmark still
works, and factor in a small probability of new VM bugs. Additionally, while comparisons between
different JVMs are already problematic, the performance difference caused by different Blackhole
modes can be very significant. Please make sure you use the consistent Blackhole mode for comparisons.

Benchmark                       Mode  Cnt   Score   Error  Units
JavaBench.dishonestNoTimestamp  avgt       39.736          ns/op
